,t,pNN50,RMSSD,CVRR,SDNN,HR,LPS,CSI,class
0,30,0.13333333333333333,30.06915428094394,0.11732755546433106,33.00498158327261,72.1101424285208,1894.8197030656415,2.9658526062079242,1
1,31,0.13333333333333333,29.861241475037687,0.11701714867142807,32.89008577832105,73.43508614241787,1897.6935332129697,2.8891581398454558,1
2,32,0.13333333333333333,29.54065812417138,0.11544494588468639,32.23244301862607,71.23401220485485,1877.7634850623808,2.8582699127560693,1
3,33,0.13333333333333333,29.83335417508623,0.11473959599723466,32.35791817986424,72.74842868861434,1871.7673473648524,2.8695936134986204,1
4,34,0.13333333333333333,29.929976491774603,0.11568716028307466,32.35509189290221,73.00059714367616,1868.1944354745208,2.8837936691089014,1
5,35,0.13333333333333333,29.71081995945551,0.11528354079555311,32.31022690099108,72.21760099861629,1895.443510165543,2.8424081475531526,1
6,36,0.13333333333333333,28.95383854250357,0.11558952712581003,32.27930976191712,73.38289497972482,1884.1436104454153,2.85175129114818,1
7,37,0.13333333333333333,28.931690312207966,0.11455418355740635,31.919041076502936,72.09106207668313,1869.984804606803,2.826250329832973,1
8,38,0.13333333333333333,28.99967019205968,0.11371794918101719,31.87006996839256,73.54634150283894,1851.183381337778,2.815188388120585,1
9,39,0.13333333333333333,28.863142012168257,0.11298869050281372,31.598093306475143,75.32690287407569,1802.8065259468876,2.7388734422430976,1
10,40,0.13333333333333333,28.835103982108603,0.1101447178221825,30.692775466458542,73.94998403214548,1753.2535428027718,2.6633565783612254,1
11,41,0.13333333333333333,28.945996469595883,0.10786969803865905,30.259001584662204,75.24765781055017,1706.2891793697365,2.631421375437992,1
12,42,0.13333333333333333,28.967031465307834,0.10569870808900028,29.741238876562694,74.20804363148802,1673.009663584381,2.5842806012841697,1
13,43,0.13333333333333333,29.04033859668496,0.10375654031444641,29.407965682342784,72.62508732044904,1630.6285170876533,2.5818288845456934,1
14,44,0.13333333333333333,28.703913884086322,0.10210079457140084,29.043273123180725,73.65468807435607,1546.76948122253,2.463137468468509,1
15,45,0.1,24.45399810602966,0.09916369812811132,27.02112433453906,72.74507756326756,1255.905741700879,2.986430398661006,1
16,46,0.1,24.269112516331873,0.10002548918357625,26.768648764599604,73.4171081292281,1221.490867139698,2.882250268146338,1
17,47,0.1,24.180094486828924,0.10177296803835018,25.56761454469942,76.64994379242859,1175.7267156198454,2.744072943881707,1
18,48,0.1,24.942132629024766,0.10287196433932572,25.660319961484145,75.6177153389275,1173.764007542693,2.6701925648812392,1
19,49,0.06666666666666667,20.966532739488354,0.10254035715725617,25.70685663173896,77.0833370225311,835.0388148565507,3.076028795970539,1
20,50,0.03333333333333333,18.40476288980061,0.10314038145562891,20.219574544093433,80.50598636430995,569.409418346561,3.119373258724269,1
21,51,0.03333333333333333,18.801136131285265,0.10315299595637134,22.997948702195163,78.09516569785475,668.1898472072464,3.4464468328542095,1
22,52,0.03333333333333333,18.876273963174445,0.10208568248951913,24.480764255537245,79.70286465870937,761.2762589934907,3.898717465964028,1
23,53,0.0,15.849133093809728,0.10181715976071011,26.315710287695,75.51921878114082,589.6226682530503,6.146661331087703,1
24,54,0.0,17.61563428825819,0.09904792625967165,26.10737732456856,77.82957956565463,706.2413115023398,5.374021059431292,1
25,55,0.0,18.13891655425439,0.09668200774924947,26.453714303323352,82.7554411684655,692.8246366368406,5.4283920469231814,1
26,56,0.0,20.015598102810404,0.09389680685109983,29.928549569903424,81.4074238460926,857.511085614368,5.104260882143063,1
27,57,0.0,20.02573289190175,0.09122435287256161,31.890327919930332,86.34686160431987,942.4103951153867,5.619393306689414,0
28,58,0.0,21.31733276705763,0.08759647935238499,36.29627585141373,86.731951239954,1145.5278774074625,5.727773808424523,0
29,59,0.0,21.314340479345464,0.08567053428731419,40.4186572599975,84.34252824733544,1313.282816462035,6.5378821224016095,0
30,60,0.0,21.612297880888917,0.08357397902597384,42.203251530384584,85.36834349967876,1374.6271948174779,7.264192695943998,0
31,61,0.0,21.490457356194543,0.08106042932578673,44.16388793179199,82.46697797109552,1467.5916784074816,7.567117625141023,1
32,62,0.0,21.469645996964733,0.07963346829950861,44.910862241420034,80.55043591563015,1503.0639671977053,7.764871530478304,1
33,63,0.0,21.46339921440431,0.07592913208959645,43.943088309804295,85.61578482237829,1490.3772384486786,7.698417427133066,0
34,64,0.0,22.964484177727748,0.07324663506776338,45.228627245826814,84.16474079984975,1574.7526027761821,7.387973219575246,0
35,65,0.0,23.014409158508084,0.07142292596886136,45.65826243727043,87.0990729705967,1584.8752559374811,7.549200347542376,0
36,66,0.0,23.31418056072208,0.06851958430362881,46.55544452765138,86.20036376398268,1600.1669884050712,7.685638500695775,0
37,67,0.0,23.19326257583067,0.0673824888892227,47.19140244397898,84.3330442336683,1650.0497906225442,7.650843062409879,0
38,68,0.0,23.168212995577992,0.06478776471097193,46.18077294502602,84.92979526463716,1638.558020681994,7.581237547667608,0
39,69,0.0,22.908615032724004,0.06278070761820284,45.79891319515954,84.84965965056385,1678.8166557845284,7.367072492077409,0
40,70,0.0,22.742805061967193,0.062067511232224384,45.87548444082898,84.05379279209356,1735.301573149911,7.067970031526191,0
41,71,0.0,22.628079033621358,0.06043075420266738,44.96641655248732,86.81853808778561,1736.0958397129925,6.882230086859034,0
42,72,0.0,22.924784183796227,0.0593965363308863,45.144458562140564,80.77730706424893,1707.1320856980933,6.83510347065084,1
43,73,0.03333333333333333,24.63647321047678,0.058614364699462136,43.56155730908373,81.3196419749766,1798.3808322427626,5.899752625064655,1
44,74,0.03333333333333333,24.560190488281272,0.05496782485469891,40.70085051691002,79.82346969482633,1697.9045567952069,5.418311059615017,1
45,75,0.03333333333333333,24.62154016183403,0.052119931350529586,38.33270114547268,77.23686103429363,1548.5549434350128,4.992950558928681,1
46,76,0.03333333333333333,25.022088448611324,0.04816651195861518,35.557587814582085,79.94292625927928,1380.6930672754954,4.56873025079832,1
47,77,0.03333333333333333,24.67751358609265,0.045364616093048774,32.34061244039569,77.55763373614572,1275.5703046521776,4.344303835619415,1
48,78,0.03333333333333333,24.968288568524823,0.04435183861608918,31.91590223184805,80.88390875361266,1207.5690378239592,4.186890584713969,1
49,79,0.03333333333333333,25.504290256853082,0.04325187620704566,29.960387996579435,82.85622814934273,1154.5248632666362,3.9486300434070842,1
50,80,0.03333333333333333,24.969160292391344,0.04238675987740625,28.695206053071534,91.62726341359038,1113.628153401768,3.900037336412109,0
51,81,0.06666666666666667,27.76508668129957,0.042644374679899844,31.52604202436791,92.91624107116324,1354.4431595919743,3.322162548859451,0
52,82,0.06666666666666667,27.667018214517725,0.04746734622442434,33.74855125683448,97.84007857620476,1504.443511793525,3.6269658722341918,0
53,83,0.06666666666666667,27.23798313634565,0.053122076396433834,38.558754419447425,91.04461146805912,1633.784771608066,4.084807698495095,0
54,84,0.06666666666666667,28.195232056798236,0.06069873951792281,37.255899812088536,90.16813268145528,1745.257153822761,4.064968165212378,0
55,85,0.06666666666666667,26.9031194625831,0.06377259290844069,36.650419461769815,81.62415418881041,1741.0531512875223,4.222936737584741,1
56,86,0.1,29.767465039388785,0.06642832403235199,36.83126288514268,79.7703130248238,1958.2407859267953,3.716350296928513,1
57,87,0.1,28.89408484585397,0.0664412060463343,37.29327561059593,76.42529442561761,1955.843495836518,3.8423301328081085,1
58,88,0.1,29.52815220690202,0.06540374483802011,39.45482608985709,80.14507209369614,2002.509086346093,4.065999220353932,1
59,89,0.1,30.074089049219477,0.06498328767052464,39.71205510081672,81.10256792845098,2086.733600948046,4.173662698040178,1
60,90,0.1,30.076981727370125,0.06452194676449675,39.934024069621564,78.70264113161517,2104.3641252130756,4.2130376334773265,1
61,91,0.1,30.018156495238877,0.06375753515022309,40.66621250438601,80.00158026567871,2133.8552234697495,4.27099578754357,1
62,92,0.1,29.933920300855238,0.06381217892661421,41.02629903655725,80.00849709345063,2172.6801697445817,4.306255297370385,1
63,93,0.1,28.79357242065756,0.06383211362171842,41.14028720088288,80.70704368183637,2208.2198718502514,4.3296551466971565,1
64,94,0.1,28.731320445080957,0.06299377407341927,41.201384087401046,82.09237407995897,2238.585837819453,4.322076170843951,1
65,95,0.1,28.478518622739255,0.06254919719620167,41.20907682133753,79.55088168385689,2244.306375310373,4.294108392765159,1
66,96,0.1,28.7758333386535,0.06117964720403889,41.145887905552655,82.25538952839817,2204.6977066648396,4.317918019570707,1
67,97,0.1,29.001102112973026,0.060128688424323035,40.82965193476793,84.66992851215775,2196.0897019766685,4.322441561920816,0
68,98,0.1,29.242482287671127,0.05971519225096436,40.86396153843063,84.01425541114676,2152.708996701824,4.3866876867851525,0
69,99,0.1,29.260247525403507,0.05963681722379759,40.771746051212695,82.29209710570565,2125.4492915904248,4.42753970086733,1
70,100,0.1,29.36526290875986,0.05940407755703215,40.63936519244643,78.80767000345864,2094.7383448756095,4.469966107463262,1
71,101,0.1,29.6704490399594,0.059064235980633116,41.06401928473702,81.06584420979792,2096.92860071763,4.439790210637873,1
72,102,0.06666666666666667,28.35005874111957,0.05782550553528369,40.55822048190814,80.90590970845336,2009.2601903933953,4.675713628544521,1
73,103,0.06666666666666667,28.336433313201923,0.057830587565245714,40.545458460415304,80.50814282064545,2026.965792219417,4.6363128593916345,1
74,104,0.06666666666666667,28.22802468495244,0.05781646330416074,40.62120815457856,78.89356236045602,2061.3896367953316,4.554634044099374,1
75,105,0.06666666666666667,27.982008053572585,0.05778204011206085,40.81464219484981,79.69825794086445,2050.3039270792697,4.506908216117148,1
76,106,0.06666666666666667,27.589534486737726,0.05734827123781435,40.10965774494828,80.5352313532009,2061.521836096614,4.435146395807452,1
77,107,0.06666666666666667,27.293228643411222,0.057368590233610794,40.02193931268299,81.17735053042254,2064.778546925389,4.351565433118031,1
78,108,0.06666666666666667,26.66863535319196,0.05688486544270645,39.19858786767903,85.2478184392134,2057.6057473582364,4.2921651626149,0
79,109,0.06666666666666667,27.265612217387833,0.056892942598938206,39.32698450257305,85.7156962138658,2081.8842866736736,4.241056398832666,0
80,110,0.03333333333333333,24.046386173500277,0.057521032529485976,39.60644886416556,85.57797568040215,1791.8037549787468,4.8342099237317635,0
81,111,0.03333333333333333,23.98805785785763,0.054310033224426985,37.68353293336563,82.55951883191226,1694.9738711123362,4.436177671384265,1
82,112,0.03333333333333333,23.699544247419457,0.04982689997205078,34.54250030081885,76.75332882813282,1418.242145064279,3.792779847484063,1
83,113,0.06666666666666667,24.364856678740043,0.038454386107508044,28.29983837241173,71.38749464534922,1176.4006656438444,2.897064097348597,1
84,114,0.1,26.669911320181953,0.03375202104378394,30.66053673687881,70.9702447378742,1261.542618382548,2.617805668805713,1
85,115,0.06666666666666667,23.34163240796267,0.03664749673509286,32.770773400622474,73.2061714231282,1336.4404845680033,3.7793731112349755,1
86,116,0.06666666666666667,23.61695331129274,0.04436373842179646,35.14872980549631,74.07527529646937,1537.0525059713905,4.307242607390048,1
87,117,0.06666666666666667,22.88181077656091,0.04811069182505616,36.75831200291778,76.97881277446619,1611.557200601498,4.6302991069166035,1
88,118,0.06666666666666667,22.58273342586521,0.049775665763580786,36.60268213592816,77.13900500599644,1625.3124724306883,4.812828524153796,1
89,119,0.06666666666666667,22.525018401776666,0.05054365171930512,36.89158021937258,76.32326475024875,1662.1440441226084,4.790720222840646,1
90,120,0.06666666666666667,22.185818995513372,0.05124242963280017,37.282790545298425,78.62099230597477,1685.4105253394441,4.83103843251049,1
91,121,0.06666666666666667,22.475072782935396,0.05210109735083027,37.28873790154305,76.99384156126305,1697.803098981924,4.849665724142634,1
92,122,0.06666666666666667,22.673736128655474,0.05230302553375462,37.543904384805806,75.00530770273086,1664.968092847794,4.978102287281443,1
93,123,0.06666666666666667,22.96441596105628,0.05301949263639515,38.36769274962266,79.8129100839586,1672.2833127375795,5.094031423624223,1
94,124,0.06666666666666667,24.535688519771412,0.05481436874508,38.298466150468684,80.26443571714589,1784.3674065204982,4.7677461242854084,1
95,125,0.06666666666666667,24.162273785840092,0.05476880278165985,38.03151894604591,81.1148681467334,1804.7830359665813,4.693635397132583,1
96,126,0.06666666666666667,23.76399284933305,0.05471279973337972,38.1669052015024,83.07776083280623,1811.2698469624902,4.670286638482811,1
97,127,0.06666666666666667,23.671484242977122,0.054613866198692324,38.36450563483688,81.75147159442872,1791.5905073837273,4.625423182172649,1
98,128,0.06666666666666667,23.74907184288039,0.05419399274563063,37.55906655192288,83.10100595357632,1746.7150891447106,4.582480283531681,1
99,129,0.06666666666666667,23.68996695783059,0.05376859031693957,37.27936731698227,82.2112403900784,1739.683815492007,4.546660485975549,1
100,130,0.06666666666666667,22.967033141218145,0.05390969324133739,37.26091636913038,78.54051095768958,1745.0688355834247,4.645037364292633,1
101,131,0.06666666666666667,23.496694593033627,0.053829073959866185,37.27099168353151,80.35512458096125,1780.4870532018135,4.561851648486349,1
102,132,0.06666666666666667,23.712516950711432,0.054061546901329145,37.18287551397344,79.14119688201635,1740.423725289772,4.628352361666788,1
103,133,0.06666666666666667,23.797979915336658,0.05406631379454617,37.04982213914683,80.79082579107867,1715.017583485772,4.671323288740268,1
104,134,0.06666666666666667,23.803055156271665,0.054186823613114395,37.08522947273772,83.53578618411534,1715.7387328632253,4.6741916901618925,1
105,135,0.06666666666666667,24.188588322139037,0.054021824444252076,37.79739073545834,89.3026823823643,1723.4789066148142,4.753770852854307,0
106,136,0.06666666666666667,25.63516529831504,0.05432057357978473,40.81212194836214,93.53830349014544,1886.0795553183482,4.7825925079133675,0
107,137,0.06666666666666667,26.227500545670544,0.057082269387861734,45.602300969580206,93.21301202521583,2073.3399052898208,5.344459270759746,0
108,138,0.06666666666666667,25.39892116621417,0.06231564697911277,49.51296325574835,92.82817840445728,2304.3428917621213,5.850137409923279,0
109,139,0.06666666666666667,25.39373519268467,0.06624148884595984,52.232943813472396,87.29781549446547,2466.622035474453,6.228791218928617,0
110,140,0.06666666666666667,26.50686083982423,0.06958300577580283,52.65629531701194,84.30237859657683,2548.644703062257,6.398797142489096,0
111,141,0.06666666666666667,26.467365126063573,0.07016850855913936,52.38903055137511,82.74892763552849,2566.8291180608167,6.452658585337165,1
112,142,0.03333333333333333,24.544971917837398,0.07047873671273815,52.41056269913276,80.41152785446702,2369.913258036692,7.056205579385709,1
113,143,0.0,22.33206022018109,0.06998724468027671,51.995011342200684,84.36324016172898,1989.4260844302037,7.934290053408043,0
114,144,0.0,23.23796829249586,0.06579466446850182,49.18851997997688,84.66609868459146,1857.7785325685181,7.313061467868639,0
115,145,0.0,22.742792777157046,0.06133426836108678,45.472449341124346,85.41708391292613,1771.6135071938697,6.652595271656902,0
116,146,0.0,22.70208370070445,0.059017335636983456,43.11025086668955,83.84490487589308,1685.6553146357337,6.2381856188956,1
117,147,0.0,22.1174279140712,0.057580682570510265,40.70099829465611,80.46347550431993,1598.5795761762413,6.069507705814378,1
118,148,0.0,22.80955681555598,0.057297920311589305,39.75029206052563,79.49628164521911,1528.1429659302325,5.982395081633864,1
119,149,0.0,22.819529848055222,0.05667034216464861,38.99535914581944,79.98888303166059,1479.219760305905,5.810007219168523,1
120,150,0.0,22.433775298622525,0.05575644283502573,37.69636866887499,80.95323949459987,1474.1499244894421,5.5807451376884325,1
121,151,0.0,22.294797729435597,0.05556793699142219,37.177771404611654,79.9580937272417,1452.0518077716245,5.406972198881595,1
122,152,0.0,22.028919621364448,0.05486318393469612,36.12640335439139,80.85238505472674,1381.1453334197859,5.074618582198139,1
123,153,0.0,20.18875643147093,0.053098512288671074,33.48701193244207,79.20174016424716,1206.0824176841843,5.396669860422035,1
124,154,0.0,20.376882365313925,0.05305872063400656,33.672141890154066,78.59982247678134,1184.2917811846437,5.497848185206125,1
125,155,0.0,20.353374111859836,0.05316400479412839,34.17884391313684,79.52911575667447,1210.1980121240258,5.56218029191945,1
126,156,0.0,20.161126071306867,0.05338440777703005,34.5178695605024,77.65512455866232,1242.7660741587222,5.633624904801404,1
127,157,0.0,20.326512563145815,0.05320288796066741,35.618735189948936,76.6250142622471,1269.5622677038612,5.782014324308562,1
128,158,0.0,20.297511136508035,0.05363950729707872,37.075835245163766,81.43918802980005,1322.987132716255,6.00104406260187,1
129,159,0.0,21.99467137861783,0.05426863144426621,37.10483939254732,83.95450755187649,1463.126162931584,5.589827152612177,1
130,160,0.0,21.458022739342884,0.05419152866092706,37.1719227885486,82.65624031208918,1416.8285132143185,5.711434622565376,1
131,161,0.0,21.31968939952948,0.05441039443008535,36.531185015366816,78.3633694576129,1406.5410762095164,5.624804083621384,1
132,162,0.0,22.46183916413906,0.054571773743374845,37.0504186252681,74.06329029585396,1466.9950271206,5.346165095599523,1
133,163,0.0,23.75741250438811,0.054726279323080974,39.62503969153322,76.62637515407975,1627.5900710045703,5.252187554665863,1
134,164,0.0,23.85789789058341,0.05713381056478753,40.76771922408622,79.59791670383734,1728.3131226901053,5.543056867555094,1
135,165,0.0,22.901520864900604,0.05763321375729832,40.94333446316973,77.30105816594977,1633.2962428561414,5.901146710925185,1
136,166,0.0,22.58008268210957,0.054958006210910286,40.23522770025715,76.43795622698094,1523.1994472319498,5.643184465667334,1
137,167,0.0,22.63484230940911,0.04959544238862293,37.37212807404087,74.26055463284942,1356.5527955218085,5.202891830389813,1
138,168,0.0,23.029474365139702,0.04433566837016033,34.991684251480436,78.49413608235105,1181.3875024896402,4.7782557165086414,1
139,169,0.0,23.19534852458452,0.040630770712675464,30.04452830300882,80.80010429323559,1079.0222029799118,4.251970175183955,1
140,170,0.0,23.10560309273864,0.03858074219885789,27.867840346299477,80.54052193356014,1010.4144728145338,3.998343472573668,1
141,171,0.0,22.976302110120926,0.037793359120722674,26.967436718670864,78.34651386369325,1007.8774624334188,3.788001515921788,1
142,172,0.0,22.96954201363644,0.037529719330900164,26.643164122308807,79.65201748261696,1000.3351782004028,3.760324879567111,1
143,173,0.0,22.156454528696287,0.03792885700810148,26.61702142720872,78.41570511615392,960.8258416868323,3.792036835061074,1
144,174,0.0,22.260928414320585,0.037181429714447066,25.549143121907182,78.69154635796204,883.2543126177399,3.6475135287645486,1
145,175,0.0,22.23641994040617,0.03659068521034864,24.111815554964657,76.99414357166974,814.2819345477645,3.289782738278968,1
146,176,0.0,22.320827326026357,0.03550039446777501,22.257068951304227,80.53448466457935,733.9246688322684,2.9813978387905613,1
147,177,0.0,22.527806826643207,0.03594560002530703,20.935798994569332,78.35952278857532,711.1601275112761,2.818270329857144,1
148,178,0.0,22.79055572792322,0.03594334020319098,20.790258716723944,78.50261398463815,701.1035754926601,2.8341794680618864,1
149,179,0.0,22.775680535953956,0.036253032016091064,20.771803725132685,83.34035459894373,706.988816689326,2.7945011432830817,1
150,180,0.0,24.16306010360404,0.03658010532483801,21.965489993630406,82.79724936901526,749.1170341977703,2.672062122110688,1
151,181,0.0,24.118215412923874,0.037023819393765395,22.62435409274987,85.00692256545362,806.921182294823,2.814196780086032,0
152,182,0.0,24.32176572889395,0.03726522340355893,24.54463348158126,83.81327174540536,861.4484154893853,3.0853312730014313,1
153,183,0.0,24.22363537683326,0.038384284343888936,25.536753642144745,81.2822514367438,942.2971661141601,3.32262460047624,1
154,184,0.0,24.551145439012057,0.03881332803001977,25.758282926635932,81.96688253621457,951.2339215274005,3.4948778542816874,1
155,185,0.0,24.521949768801687,0.03852005525229289,26.085972094292792,79.6551454802938,971.5225173516017,3.518757434954792,1
156,186,0.0,24.6060644849302,0.03852292448542624,26.088141014359575,78.36209469614938,973.8694485195743,3.5312823321598863,1
157,187,0.0,24.63869240797842,0.03792140051953166,25.962863976456916,78.80503524401355,954.363138527292,3.4867345176435918,1
158,188,0.0,23.104579581571407,0.03705396235089267,25.47008555070076,80.34623147959577,913.6448581798952,3.65470702087132,1
159,189,0.0,22.89924771616497,0.03728404468465513,25.302942924335206,81.79288869805652,889.220189197671,3.5468030142848916,1
160,190,0.0,22.935693511176304,0.036624707072234954,24.524002815853834,80.74696919334494,855.0660498707344,3.4309034595082943,1
161,191,0.0,21.78602590108615,0.036452971473143005,24.027631106286943,77.77483707314846,826.9925512796112,3.6020131856603563,1
162,192,0.0,20.839661275744902,0.03603689079272032,24.12899015495077,77.52300636694594,736.573521824652,3.733774535119627,1
163,193,0.0,20.228390915764198,0.03281994160714544,22.224686716525056,79.88831161923899,704.3509511262124,3.460880312409525,1
164,194,0.0,19.94567319075068,0.032228795306024224,21.604553426367566,78.98770639199503,688.8465412868709,3.495892987318865,1
165,195,0.0,19.571929182212266,0.03218200733412752,21.630176589544977,82.74958938046565,686.9695851839189,3.465668981026052,1
166,196,0.0,20.531262408467626,0.03140848942880646,21.82301350491543,90.9569780220448,689.8214790735307,3.2435722366145066,0
167,197,0.03333333333333333,23.470723847855442,0.03003144531761435,26.624871231325038,94.54769976887523,915.8026937958173,2.735648048936905,0
168,198,0.03333333333333333,22.517405801470236,0.03273830633222578,31.384853105094976,93.4013901894276,1137.595093125033,3.7650992669275514,0
169,199,0.03333333333333333,22.197186844091675,0.041927059568640686,35.84446877222823,94.90539355770491,1417.8731736607958,4.629965299986632,0
170,200,0.03333333333333333,22.273106009593217,0.048705773813098485,40.56181099627003,92.60070677587609,1611.9690187565052,5.429840822042282,0
171,201,0.03333333333333333,22.127377824086775,0.05582746487410254,43.3720991055303,89.97350807721342,1770.1300941760355,5.972237069388042,0
172,202,0.03333333333333333,22.28298300431452,0.0602886938676573,44.37289624450152,85.46547745744948,1845.8275796759945,6.2526814886334225,0
173,203,0.03333333333333333,23.11562831016592,0.06309717670400601,44.35345649116436,81.3717517093271,1903.7027743561416,6.156243803009294,1
174,204,0.03333333333333333,24.022875455197706,0.06368035532629013,43.81922320502211,82.7699185296218,1878.6840376315588,6.070659148479525,1
175,205,0.03333333333333333,23.931256284091315,0.0635228805493869,43.27453805393873,82.25792475337411,1846.4505585122229,5.923277070721948,1
176,206,0.03333333333333333,23.085464370558714,0.06306741873925137,42.064635836908366,83.91791210811061,1812.7445117115983,5.848523626729045,1
177,207,0.03333333333333333,22.920992321725528,0.06315822782584818,41.872657440691334,82.88604002458761,1792.5230142224782,5.774976473209718,1
178,208,0.03333333333333333,22.979050023496537,0.0633014951159034,41.064800377731224,82.48465432182573,1723.833262803898,5.750795499422812,1
179,209,0.03333333333333333,21.461348454874667,0.06327097086374818,40.26603727174173,83.49594827964334,1633.0646902856588,6.005140976148351,1
180,210,0.03333333333333333,21.50574489007466,0.06313101783697997,40.265527770284486,84.47977318575471,1619.4661861962436,6.056312470865837,0
181,211,0.03333333333333333,21.27619638195106,0.06325649526281778,40.2786851774482,82.05817318110766,1630.9168821603712,6.014639141261759,1
182,212,0.03333333333333333,21.54855741310394,0.06310813638486591,40.27401793238214,83.2860804641598,1624.793525671216,6.029285704796837,1
183,213,0.03333333333333333,21.24177005949678,0.0628180689881965,40.26995018445531,83.31128299166349,1625.8815298616928,6.022826401815627,1
184,214,0.03333333333333333,21.210930994410266,0.06305667048097965,40.11822824516187,83.1612063104023,1646.8498065987692,5.911168959364554,1
185,215,0.03333333333333333,20.842251108485407,0.0632508406894575,40.04637957738584,82.15155165854661,1666.6563413930685,5.7635539237721725,1
186,216,0.03333333333333333,20.779402447676368,0.06343035897463571,39.58974365179647,79.2299282207802,1639.660201369731,5.631783276777006,1
187,217,0.03333333333333333,21.357822473134437,0.06327181994607736,39.27758317044331,78.85497171086485,1607.814195913441,5.544366306410407,1
188,218,0.03333333333333333,21.195488380865434,0.06320938779109465,39.259644887841695,79.97524722083104,1639.4553071788876,5.491269814440049,1
189,219,0.03333333333333333,21.145933013316423,0.06335111214564124,39.35114883739634,80.38570834492018,1661.6781389434382,5.544561007261499,1
190,220,0.03333333333333333,21.08419412922112,0.06332876315357872,39.593586240784596,78.47421525940725,1687.80957934017,5.526986166588858,1
191,221,0.03333333333333333,20.691479374198327,0.06333330653343644,40.23386184279534,79.51609342897983,1661.5535667255472,5.59611328880314,1
192,222,0.03333333333333333,20.769726512897332,0.06317121660134122,39.60276701478027,85.18921964167404,1615.1151263722559,5.582476792961495,0
193,223,0.06666666666666667,22.368384925955432,0.06278166691346766,38.272682421460885,85.34052879465601,1732.6003210167635,4.954627857020244,0
194,224,0.06666666666666667,22.3129955542868,0.06347937879620916,37.75998307226555,86.76734242438653,1720.292689755026,4.793087916663917,0
195,225,0.06666666666666667,21.479241147907576,0.06411916431669058,36.99332238733698,82.98886806052087,1663.6438766983065,4.872774240949331,1
196,226,0.03333333333333333,18.652896288282435,0.06521585903654385,36.97020577547032,81.3643748575721,1324.4236635455732,6.060585084232522,1
197,227,0.03333333333333333,18.26126487254451,0.062095380630935566,35.939840986604516,82.66189293380991,1229.223583185398,5.791890270252362,1
198,228,0.03333333333333333,18.330362800963247,0.05608046751782379,32.78700717475752,81.98119691013562,1107.9528624676202,5.265957081173759,1
199,229,0.03333333333333333,18.26693788345432,0.05048756791823453,29.761141723512516,81.86107967974638,964.6074351106904,4.526195136531652,1
200,230,0.03333333333333333,18.032846107861896,0.04257057588674273,24.91564077440893,81.42571757166722,799.7671354420273,3.6071710792249454,1
201,231,0.03333333333333333,17.70225356587997,0.035638326851364505,20.65050452934378,79.26434122780155,649.4189909556034,2.8890804231044047,1
202,232,0.03333333333333333,16.870883617231545,0.030332509783984,18.13220914524109,82.67521750987834,553.2720575774923,2.759060703434812,1
203,233,0.03333333333333333,16.59043773352852,0.028785036739287263,17.413027434868486,86.11211572362865,541.1789037634549,2.828841573981539,0
204,234,0.03333333333333333,17.286514838478077,0.02907015389191898,18.375232719699806,87.11873709839777,575.016154016391,2.7956284240723748,0
205,235,0.03333333333333333,17.330800343997367,0.03090800745535346,19.748312042627695,85.45826578081792,620.195585271205,3.0536243109612484,0
206,236,0.03333333333333333,17.30181695273065,0.03351783980149255,20.28031017802038,80.80170040035529,655.6857075941757,3.2298877138448416,1
207,237,0.03333333333333333,18.79025848857915,0.03431475934770961,20.339972668316776,78.94804020470298,712.8819741853819,2.9587913028191406,1
208,238,0.03333333333333333,19.05591408753966,0.033982165268002754,21.119448510157806,80.38203121651145,722.9734378665722,3.0755570139718533,1
209,239,0.03333333333333333,19.15176019274751,0.034005143297244175,21.343148129067988,80.11554013283447,738.9748692755101,3.1679468299457265,1
210,240,0.03333333333333333,19.094176347874672,0.03346814468266109,21.508348986064593,82.71498875825853,750.1342825721965,3.136507240557953,1
211,241,0.03333333333333333,19.19741631330866,0.0324964818010572,21.19589824683887,83.76924423176253,751.0038229765356,3.1124219668847113,1
212,242,0.03333333333333333,19.16787287409993,0.032657966595003016,21.36658885881257,87.11241640775278,755.0693476935933,3.118459158303573,0
213,243,0.03333333333333333,19.835846555808462,0.03284910138840337,22.597572352499235,88.35886362942256,772.9612766664758,3.2406172082012725,0
214,244,0.03333333333333333,19.916271420374464,0.03501836960698894,24.316875158376128,87.97698389570365,821.8136770784794,3.5849468431420557,0
215,245,0.03333333333333333,19.8556328214717,0.03803508004312179,25.682876884041065,89.57727971923224,900.6644977380719,3.823819489678969,0
216,246,0.03333333333333333,19.348211988854704,0.04078376098402207,27.64559618746839,86.8336487846633,949.0692483531815,4.146968771092848,0
217,247,0.03333333333333333,19.73198023278934,0.044467506828479705,27.62716524919113,80.16127859068067,954.3017083691396,4.278017611527207,1
218,248,0.06666666666666667,22.34951002749254,0.046085727395479455,27.142684506575062,83.46396653899899,1094.9539198163855,3.5076384106769214,1
219,249,0.06666666666666667,23.00529616646645,0.04607191716828877,26.649445895674614,84.22524112062918,1071.77419803737,3.4663578285305006,0
220,250,0.06666666666666667,22.788181316817155,0.04645482938746134,26.2801578225811,88.37244913838175,1044.91756820831,3.3025577436309064,0
221,251,0.06666666666666667,23.54525840782728,0.04678079859569313,25.953757796083078,87.39689774568012,1019.8253851994217,3.135487117608119,0
222,252,0.03333333333333333,21.66308869636775,0.04930203553690234,25.57276426554537,84.92973188460651,967.1757264897155,3.5254400429356734,0
223,253,0.03333333333333333,21.976133545922977,0.0503337592063434,25.545465024340057,87.0076780328943,948.9261380595467,3.6443117487219623,0
224,254,0.03333333333333333,22.09428516693923,0.05017642894293373,25.870340192469193,84.12141795900123,944.2669127815575,3.6561829394936924,0
225,255,0.03333333333333333,21.75500848729976,0.05029744277421383,25.51229777462665,82.98686553598658,932.854538464117,3.7309349594976005,1
226,256,0.03333333333333333,21.665044627789403,0.050590603720724,25.512470268228427,85.416009537753,931.6957517939571,3.6848062933099963,0
227,257,0.03333333333333333,21.893665335087952,0.05081514766563436,25.278926498102916,84.37570298195953,920.2880689532108,3.6629326360616625,0
228,258,0.03333333333333333,21.92411017631968,0.05161897823225089,25.192105148486487,86.18291536049584,909.6272140786234,3.6645035014513376,0
229,259,0.03333333333333333,22.097379862493277,0.052145823712845166,25.151643007542347,85.99782288500607,872.8348040202222,3.747289756914609,0
230,260,0.03333333333333333,22.087146571289214,0.05335367745696888,24.99580619275431,84.725820744949,871.4599358908915,3.6764546973301053,0
231,261,0.03333333333333333,21.85643743996744,0.05449431529619526,24.548291070141026,87.31980131649495,838.4002228923654,3.492367773970972,0
232,262,0.03333333333333333,21.432091322985144,0.05507143135188445,23.307228715907524,84.83167664289641,793.6941201682348,3.437111710302198,0
233,263,0.03333333333333333,21.08102549422257,0.05660929439130029,23.076784640203787,87.9235325514581,785.2935052977955,3.5026472298407674,0
234,264,0.03333333333333333,21.52918630540588,0.05614471396817728,23.440531352846335,85.24794562433658,779.6525981341524,3.5116690475247068,0
235,265,0.03333333333333333,21.751996442215045,0.05653450469097198,23.20269074974951,84.450287880809,780.4955699254807,3.5249688000388604,0
236,266,0.03333333333333333,20.45043575287122,0.05645988514971216,23.18599125742875,87.23690225345388,734.8427118614957,3.678545484368739,0
237,267,0.03333333333333333,20.62762494060247,0.05703241815802138,22.52532311915448,94.18265664299821,676.9840416688152,3.3609739565674057,0
238,268,0.06666666666666667,22.536105869399684,0.058496747043699907,23.489226818303656,96.16959588745107,740.3069893817238,2.8602255959008223,0
239,269,0.06666666666666667,22.663569136105146,0.06404907428700025,25.91667383989703,93.20470274670811,812.8395092697077,3.301060343206229,0
240,270,0.06666666666666667,22.541477604828323,0.07043135283084254,25.878892879437725,87.74884169526113,881.8119005383503,3.5978905089359823,0
241,271,0.06666666666666667,23.674602754841985,0.07442586399279624,25.28405860356076,84.31063302872958,917.8925945097968,3.4932021029298403,0
242,272,0.06666666666666667,23.690572861270155,0.0755572364269501,25.155682768080197,83.9161808590879,916.2373255494552,3.482437830222704,1
243,273,0.06666666666666667,23.629934451858603,0.07476548175767483,25.4558358092044,81.1841981347794,942.3506031297367,3.4617961135194064,1
244,274,0.06666666666666667,24.042404728891256,0.07341064712120347,26.564900916344882,78.93747078745933,942.7132679523617,3.6626460266176757,1
245,275,0.06666666666666667,24.2523468311053,0.0718571505952702,28.831010567388407,82.71013754135167,1004.0998777392898,3.958580241282006,1
246,276,0.06666666666666667,24.78267120873061,0.06967507422267119,28.731492685605584,82.3040919273544,1068.0268005945152,4.04656745272711,1
247,277,0.03333333333333333,22.37310039876428,0.06862000024119706,29.13740244403631,84.44288076448653,945.9027704710451,4.649662959187087,0
248,278,0.03333333333333333,21.95592980956817,0.06869801612701082,27.85943397981858,86.81381301295997,914.4979584876219,4.632048078026502,0
249,279,0.03333333333333333,22.216929517645344,0.06890699346693321,27.68054725641843,86.19559947862052,888.3245160080724,4.704355996114669,0
250,280,0.03333333333333333,21.35182619137498,0.06967542435233133,27.575709999710437,84.76280425213503,886.109569365759,4.72052821975763,0
251,281,0.03333333333333333,21.417144240861912,0.0688421831015457,27.37553636153994,85.00765591246376,870.5743853878798,4.737856162706021,0
252,282,0.03333333333333333,21.097928980556354,0.06797453835819271,27.28751736705822,80.57040610007942,903.8784616079244,4.572290044126794,1
253,283,0.03333333333333333,22.077359473388494,0.06799589450192545,28.41781248430487,77.0819825033121,969.9451157531341,4.3963915021464794,1
254,284,0.03333333333333333,22.522689164502655,0.06670472359121601,31.48212215978683,76.02690190539735,1079.0279137585655,4.663615246845975,1
255,285,0.03333333333333333,22.539220637028116,0.06685301742986714,34.94901047110126,82.52286582419363,1210.7890809966634,5.255632961868959,1
256,286,0.06666666666666667,25.03031417596403,0.0676130688406548,35.01862622639473,82.52102366429345,1508.1547793352004,4.602167717228767,1
257,287,0.06666666666666667,24.978593413855315,0.06698284903604426,35.18761268322416,81.41803924553497,1551.610883144109,4.528313059311495,1
258,288,0.06666666666666667,24.89193366804084,0.0666334685592686,35.56817227594515,81.8133500899659,1574.3961454714013,4.539052994697401,1
259,289,0.06666666666666667,24.89915966302607,0.06563968147232833,35.75408728010062,83.74700420818561,1577.8710284733384,4.6008610812680235,1
260,290,0.06666666666666667,25.0214321867731,0.06472247506835017,35.696343232066546,83.14744812515362,1571.231094288548,4.642575556048498,1
261,291,0.06666666666666667,24.733205186694402,0.0644828665047423,35.74631158235759,83.31747774506498,1595.7882578974802,4.555713437686129,1
262,292,0.06666666666666667,24.449957908463777,0.06321435563148073,35.497802350637436,82.83036230212291,1631.7154396346461,4.438245693708374,1
263,293,0.06666666666666667,24.022648544084163,0.06285025692648985,35.55093609864681,83.4021624944632,1646.675372859556,4.368355769050335,1
264,294,0.06666666666666667,23.709062437677986,0.06122152331531834,35.11443205741122,86.54640592528162,1656.7334456916583,4.295826160066597,0
265,295,0.06666666666666667,24.16921095408593,0.06073319169178418,35.26752947116659,87.37973802444446,1649.137820723342,4.317188028013126,0
266,296,0.06666666666666667,23.83060258506706,0.06143730455450081,35.59727087402758,89.1437404952608,1671.3417187014816,4.305893807378182,0
267,297,0.03333333333333333,22.035160498838742,0.06149919252220114,36.03833773178446,86.72761566943593,1501.9802743159855,4.57538805676592,0
268,298,0.03333333333333333,22.174274374006433,0.05829874224746117,33.47175467271995,84.66464979584936,1348.5737412064614,4.113917563237264,0
269,299,0.03333333333333333,22.088796474737823,0.05194665342224161,29.007825325429124,82.87338998501392,1158.51859538726,3.5396679364974717,1
270,300,0.03333333333333333,20.994361958543646,0.046613051919176134,25.628084287744894,82.6515636143354,1009.4646812086371,3.4006775548929684,1
271,301,0.03333333333333333,20.349002619691277,0.04451331198818496,24.75935695769135,84.97442940715902,995.3899011088427,3.3372491706213268,0
272,302,0.03333333333333333,20.670637091365457,0.04403626514489363,24.85020450261393,83.23721780343158,983.2668233718152,3.370590892592083,1
