í êMópâºID,1
RRI :1000Hz
â¡ë¨ìx :Peak
Start,2020/12/11
activity,v002
time,RRI,temperature,Acc X,Acc Y,Acc Z,HF,LF/HF,LF ratio,activity,HR
14:15:08,888,28.6,0.06,-1.04,0.06,174.283,1.436,58.957,0.04,68
14:15:09,878,28.6,0.06,-1.07,0.06,172.219,1.573,61.135,0.07,68
14:15:10,836,28.6,0.06,-1.07,0.06,169.960,1.714,63.159,0.07,72
14:15:11,854,28.6,0.06,-1.04,0.06,167.257,1.863,65.070,0.04,70
14:15:12,859,28.6,0.06,-1.04,0.06,164.542,2.022,66.914,0.04,70
14:15:12,857,28.6,0.06,-1.04,0.06,161.828,2.189,68.638,0.04,70
14:15:13,860,28.6,0.06,-1.04,0.06,158.909,2.362,70.256,0.04,70
14:15:14,830,28.6,0.06,-1.07,0.09,155.974,2.541,71.761,0.08,72
14:15:15,841,28.6,0.06,-1.04,0.06,152.994,2.707,73.022,0.04,71
14:15:16,843,28.6,0.06,-1.04,0.06,150.521,2.878,74.211,0.04,71
14:15:17,838,28.6,-0.06,-1.10,0.06,148.337,3.043,75.266,0.11,72
14:15:17,818,28.6,0.03,-1.04,0.09,146.037,3.208,76.234,0.04,73
14:15:18,835,28.6,0.03,-1.04,0.06,144.062,3.372,77.128,0.04,72
14:15:19,857,28.6,0.03,-1.04,0.06,142.286,3.527,77.912,0.04,70
14:15:20,872,28.6,-0.03,-1.04,0.06,140.612,3.673,78.602,0.04,69
14:15:21,858,28.6,0.03,-1.04,0.09,138.949,3.812,79.219,0.04,70
14:15:22,846,28.6,0.03,-1.04,0.06,137.339,3.937,79.745,0.04,71
14:15:23,840,28.6,-0.03,-1.07,0.06,135.797,4.048,80.188,0.07,71
14:15:23,832,28.6,0.03,-1.07,0.06,134.513,4.128,80.499,0.07,72
14:15:24,798,28.6,0.03,-1.04,0.06,133.336,4.185,80.715,0.04,75
14:15:25,766,28.6,0.03,-1.04,0.06,132.084,4.225,80.861,0.04,78
14:15:26,772,28.6,0.03,-1.04,0.09,130.578,4.254,80.968,0.04,78
14:15:26,782,28.6,0.03,-1.04,0.06,129.090,4.259,80.985,0.04,77
14:15:27,797,28.6,-0.03,-1.04,0.06,127.751,4.238,80.908,0.04,75
14:15:28,763,28.6,0.03,-1.07,0.09,126.407,4.193,80.744,0.08,79
14:15:29,786,28.6,0.03,-1.04,0.09,124.920,4.153,80.593,0.04,76
14:15:29,780,28.6,0.03,-1.04,0.09,123.411,4.102,80.402,0.04,77
14:15:30,802,28.6,-0.09,-1.04,0.09,121.747,4.040,80.157,0.05,75
14:15:31,782,28.6,-0.09,-1.07,0.16,120.220,3.979,79.916,0.09,77
14:15:32,770,28.6,-0.09,-1.04,0.13,118.790,3.906,79.617,0.05,78
14:15:32,713,28.6,-0.13,-1.07,0.13,117.281,3.845,79.361,0.09,84
14:15:33,685,28.6,-0.03,-1.07,0.06,115.631,3.780,79.078,0.07,88
14:15:34,694,28.6,0.03,-1.04,0.06,113.765,3.727,78.843,0.04,86
14:15:34,724,28.6,0.06,-1.07,0.13,111.976,3.668,78.577,0.08,83
14:15:35,677,28.6,0.06,-1.04,0.16,110.188,3.617,78.341,0.05,89
14:15:36,699,28.6,0.06,-1.04,0.16,108.281,3.578,78.157,0.05,86
14:15:37,739,28.6,0.06,-1.04,0.13,110.054,3.490,77.728,0.05,81
14:15:38,801,28.6,0.09,-1.04,0.13,108.263,3.452,77.537,0.05,75
14:15:38,789,28.6,0.06,-1.04,0.19,106.814,3.416,77.357,0.06,76
14:15:39,820,28.6,0.06,-1.04,0.22,102.944,3.389,77.218,0.06,73
14:15:40,751,28.6,0.13,-1.07,0.25,102.261,3.323,76.866,0.11,80
14:15:41,760,28.6,0.06,-1.10,0.22,101.611,3.276,76.612,0.13,79
14:15:42,791,28.6,0.06,-1.10,0.16,101.207,3.234,76.379,0.12,76
14:15:42,816,28.6,-0.06,-1.07,0.13,101.112,3.198,76.179,0.08,74
14:15:43,759,28.6,-0.06,-1.07,0.16,101.338,3.180,76.077,0.08,79
14:15:44,764,28.6,0.06,-1.07,-0.09,101.783,3.180,76.078,0.08,79
14:15:45,760,28.6,-0.03,-1.07,-0.09,102.604,3.196,76.167,0.08,79
14:15:45,828,28.6,0.09,-1.07,0.19,103.847,3.227,76.344,0.09,72
14:15:46,849,28.6,0.09,-1.04,0.19,105.742,3.272,76.592,0.06,71
14:15:47,860,28.6,0.03,-1.04,0.13,108.243,3.331,76.909,0.05,70
14:15:48,840,28.6,0.03,-1.04,0.13,111.416,3.391,77.227,0.05,71
14:15:49,807,28.6,0.06,-1.07,0.09,117.941,3.429,77.421,0.08,74
14:15:50,811,28.6,0.06,-1.04,0.09,123.157,3.472,77.640,0.05,74
14:15:51,825,28.6,0.06,-1.04,0.13,129.210,3.506,77.808,0.05,73
14:15:51,838,28.6,0.06,-1.04,0.13,136.343,3.532,77.933,0.05,72
14:15:52,825,28.6,-0.03,-1.07,0.09,144.474,3.537,77.959,0.08,73
14:15:53,793,28.6,0.03,-1.04,0.13,153.536,3.535,77.950,0.05,76
14:15:54,794,28.6,0.03,-1.04,0.09,162.958,3.516,77.854,0.04,76
14:15:55,793,28.6,0.06,-1.04,0.06,173.546,3.490,77.727,0.04,76
14:15:55,801,28.6,0.09,-1.07,0.09,184.870,3.447,77.512,0.08,75
14:15:56,810,28.6,0.13,-1.04,0.09,189.265,3.470,77.627,0.05,74
14:15:57,818,28.6,0.06,-1.07,0.06,201.881,3.409,77.318,0.07,73
14:15:58,795,28.6,0.06,-1.07,0.09,214.647,3.339,76.952,0.08,75
14:15:59,795,28.6,0.06,-1.04,0.06,227.879,3.267,76.562,0.04,75
14:15:59,824,28.6,0.03,-1.04,0.06,241.577,3.186,76.112,0.04,73
14:16:00,854,28.6,0.03,-1.04,0.06,255.615,3.101,75.616,0.04,70
14:16:01,847,28.6,0.03,-1.07,0.09,269.937,3.013,75.083,0.08,71
14:16:02,863,28.6,0.03,-1.07,0.06,283.959,2.931,74.558,0.07,70
14:16:03,900,28.6,0.03,-1.04,0.06,297.826,2.845,73.993,0.04,67
14:16:04,889,28.6,0.03,-1.04,0.06,320.081,2.673,72.772,0.04,67
14:16:05,874,28.6,0.03,-1.04,0.06,332.947,2.582,72.085,0.04,69
14:16:06,828,28.6,0.03,-1.04,0.09,344.553,2.491,71.358,0.04,72
14:16:06,839,28.6,0.03,-1.04,0.09,348.068,2.480,71.264,0.04,72
14:16:07,821,28.6,0.03,-1.07,-0.03,358.047,2.387,70.478,0.07,73
14:16:08,838,28.6,0.03,-1.04,-0.03,366.213,2.297,69.670,0.04,72
14:16:09,849,28.6,0.03,-1.04,0.06,373.370,2.215,68.895,0.04,71
14:16:10,823,28.6,0.03,-1.04,0.06,378.587,2.141,68.160,0.04,73
14:16:11,832,28.6,0.03,-1.04,0.06,381.997,2.070,67.427,0.04,72
14:16:11,862,28.6,0.03,-1.04,-0.03,383.723,2.007,66.745,0.04,70
14:16:12,879,28.6,0.03,-1.04,-0.03,383.899,1.952,66.125,0.04,68
14:16:13,855,28.6,0.03,-1.04,0.06,382.406,1.904,65.565,0.04,70
14:16:14,848,28.6,0.03,-1.04,0.06,379.378,1.864,65.079,0.04,71
14:16:15,868,28.6,0.03,-1.04,0.03,374.634,1.833,64.697,0.04,69
14:16:16,882,28.6,0.03,-1.07,-0.03,367.199,1.812,64.441,0.07,68
14:16:17,886,28.6,0.03,-1.04,0.06,359.854,1.796,64.237,0.04,68
14:16:17,811,28.6,0.03,-1.04,0.06,350.269,1.792,64.180,0.04,74
14:16:18,805,28.6,0.03,-1.07,0.09,341.777,1.795,64.217,0.08,75
14:16:19,815,28.6,0.03,-1.04,0.06,330.565,1.809,64.403,0.04,74
14:16:20,811,28.6,0.03,-1.07,0.03,319.819,1.824,64.587,0.07,74
14:16:21,807,28.6,0.03,-1.04,0.06,307.375,1.849,64.897,0.04,74
14:16:21,791,28.6,0.03,-1.04,0.09,294.922,1.879,65.267,0.04,76
14:16:22,838,28.6,0.03,-1.04,0.06,283.772,1.909,65.630,0.04,72
14:16:23,842,28.6,0.03,-1.04,0.06,271.916,1.952,66.119,0.04,71
14:16:24,867,28.6,0.03,-1.04,-0.03,260.056,2.006,66.733,0.04,69
14:16:25,831,28.6,0.03,-1.04,0.09,249.579,2.068,67.402,0.04,72
14:16:26,825,28.6,0.03,-1.04,0.06,240.545,2.126,68.015,0.04,73
14:16:26,836,28.6,0.03,-1.04,0.06,231.348,2.190,68.656,0.04,72
14:16:27,851,28.6,0.03,-1.04,0.06,223.735,2.252,69.248,0.04,71
14:16:28,811,28.6,0.03,-1.04,0.06,217.082,2.312,69.807,0.04,74
14:16:29,805,28.6,0.03,-1.04,0.06,206.784,2.417,70.738,0.04,75
14:16:30,805,28.6,0.03,-1.04,0.06,202.471,2.464,71.129,0.04,75
14:16:30,819,28.7,0.03,-1.04,0.03,199.264,2.494,71.383,0.04,73
14:16:31,807,28.7,0.06,-1.04,0.09,197.400,2.515,71.550,0.05,74
14:16:32,797,28.7,0.06,-1.04,0.09,196.668,2.513,71.533,0.05,75
14:16:33,815,28.7,0.03,-1.04,0.06,196.829,2.496,71.395,0.04,74
14:16:34,836,28.7,0.03,-1.04,0.06,197.696,2.468,71.161,0.04,72
14:16:35,806,28.7,0.06,-1.04,0.06,199.146,2.429,70.840,0.04,74
14:16:35,784,28.7,0.03,-1.07,0.09,201.227,2.375,70.366,0.08,77
14:16:36,798,28.7,0.03,-1.07,0.06,201.410,2.344,70.095,0.07,75
14:16:37,814,28.7,0.03,-1.04,-0.03,203.865,2.293,69.628,0.04,74
14:16:38,795,28.7,0.03,-1.04,0.06,206.521,2.238,69.113,0.04,75
14:16:39,800,28.7,0.03,-1.07,0.09,209.118,2.181,68.565,0.08,75
14:16:39,822,28.7,0.03,-1.04,0.09,211.759,2.121,67.958,0.04,73
14:16:40,839,28.7,0.03,-1.04,-0.03,214.115,2.069,67.420,0.04,72
14:16:41,812,28.7,0.03,-1.07,0.09,216.180,2.011,66.790,0.08,74
14:16:42,776,28.7,0.03,-1.04,0.09,217.587,1.962,66.243,0.04,77
14:16:43,801,28.7,0.03,-1.07,0.09,218.509,1.922,65.772,0.08,75
14:16:43,804,28.7,0.03,-1.04,0.06,219.041,1.883,65.312,0.04,75
14:16:44,805,28.7,0.03,-1.04,0.03,218.956,1.841,64.800,0.04,75
14:16:45,768,28.7,0.03,-1.04,0.06,218.510,1.807,64.378,0.04,78
14:16:46,754,28.7,0.03,-1.04,0.09,217.165,1.767,63.862,0.04,80
14:16:46,769,28.7,0.03,-1.04,0.06,215.606,1.732,63.402,0.04,78
14:16:47,787,28.7,0.03,-1.07,0.06,213.925,1.699,62.952,0.07,76
14:16:48,761,28.7,0.03,-1.04,0.09,213.786,1.659,62.392,0.04,79
14:16:49,753,28.7,0.03,-1.04,0.09,211.831,1.628,61.945,0.04,80
14:16:49,799,28.7,0.03,-1.04,0.06,209.222,1.590,61.396,0.04,75
14:16:50,807,28.7,0.03,-1.04,0.03,206.991,1.556,60.876,0.04,74
14:16:51,811,28.7,0.03,-1.04,0.06,204.169,1.514,60.225,0.04,74
14:16:52,759,28.7,0.03,-1.04,0.09,201.415,1.471,59.524,0.04,79
14:16:53,786,28.7,0.03,-1.04,0.09,198.724,1.426,58.782,0.04,76
14:16:53,793,28.7,0.03,-1.04,-0.03,196.197,1.379,57.974,0.04,76
14:16:54,791,28.7,0.03,-1.04,0.06,193.823,1.331,57.096,0.04,76
14:16:55,740,28.7,0.03,-1.04,0.09,191.956,1.284,56.217,0.04,81
14:16:56,730,28.7,0.06,-1.04,0.09,189.686,1.230,55.151,0.05,82
14:16:56,759,28.7,0.03,-1.04,0.09,187.966,1.177,54.071,0.04,79
14:16:57,792,28.7,0.03,-1.07,0.03,186.428,1.122,52.866,0.07,76
14:16:58,785,28.7,0.03,-1.07,0.06,185.379,1.066,51.589,0.07,76
14:16:59,738,28.7,0.03,-1.04,0.09,184.878,1.011,50.275,0.04,81
14:17:00,757,28.7,0.03,-1.04,0.09,184.570,0.955,48.847,0.04,79
14:17:00,791,28.7,0.03,-1.04,0.06,184.830,0.901,47.404,0.04,76
14:17:01,808,28.7,0.03,-1.04,0.06,185.668,0.850,45.941,0.04,74
14:17:02,786,28.7,0.03,-1.07,0.09,187.051,0.800,44.456,0.08,76
14:17:03,780,28.7,0.03,-1.04,0.09,188.972,0.756,43.053,0.04,77
14:17:04,794,28.7,0.03,-1.04,0.06,191.464,0.717,41.768,0.04,76
14:17:04,795,28.7,0.03,-1.04,0.06,193.688,0.703,41.293,0.04,75
14:17:05,772,28.7,0.03,-1.04,0.09,196.995,0.671,40.159,0.04,78
14:17:06,785,28.7,0.03,-1.04,0.06,200.767,0.645,39.197,0.04,76
14:17:07,793,28.7,0.03,-1.07,0.06,205.073,0.622,38.331,0.07,76
14:17:08,807,28.7,0.03,-1.04,0.06,209.920,0.602,37.587,0.04,74
14:17:08,774,28.7,0.03,-1.07,0.09,215.217,0.587,37.003,0.08,78
14:17:09,757,28.7,0.03,-1.04,0.09,220.735,0.575,36.500,0.04,79
14:17:10,785,28.7,0.03,-1.04,0.06,226.448,0.566,36.132,0.04,76
14:17:11,794,28.7,0.03,-1.04,0.03,232.616,0.558,35.834,0.04,76
14:17:11,817,28.7,0.03,-1.07,0.09,239.061,0.553,35.595,0.08,73
14:17:12,776,28.7,0.03,-1.04,0.09,245.636,0.546,35.331,0.04,77
14:17:13,806,28.7,0.03,-1.04,0.06,252.008,0.542,35.152,0.04,74
14:17:14,824,28.7,0.03,-1.04,0.06,258.492,0.536,34.908,0.04,73
14:17:15,825,28.7,0.03,-1.04,0.09,264.980,0.531,34.665,0.04,73
14:17:16,788,28.7,0.03,-1.07,0.09,271.266,0.524,34.386,0.08,76
14:17:16,775,28.7,0.03,-1.07,0.09,273.782,0.517,34.059,0.08,77
14:17:17,778,28.7,0.03,-1.04,0.06,278.905,0.510,33.777,0.04,77
14:17:18,782,28.7,0.03,-1.04,0.06,283.612,0.503,33.472,0.04,77
14:17:18,773,28.8,0.03,-1.04,0.06,288.165,0.496,33.165,0.04,78
14:17:19,752,28.8,0.03,-1.07,0.09,291.861,0.488,32.793,0.08,80
14:17:20,772,28.8,0.03,-1.04,0.06,295.258,0.480,32.430,0.04,78
14:17:21,797,28.8,0.03,-1.04,0.03,297.781,0.471,32.038,0.04,75
14:17:22,801,28.8,0.03,-1.04,0.06,299.632,0.462,31.592,0.04,75
14:17:22,774,28.8,0.03,-1.04,0.09,301.280,0.453,31.179,0.04,78
14:17:23,772,28.8,0.06,-1.04,0.09,301.965,0.444,30.740,0.05,78
14:17:24,770,28.8,0.03,-1.07,0.06,301.425,0.435,30.337,0.07,78
14:17:25,771,28.8,0.03,-1.04,0.06,300.842,0.428,29.990,0.04,78
14:17:25,743,28.8,0.03,-1.04,0.09,299.034,0.427,29.904,0.04,81
14:17:26,704,28.8,0.03,-1.04,0.09,297.204,0.421,29.613,0.04,85
14:17:27,744,28.7,0.03,-1.04,0.06,294.353,0.415,29.340,0.04,81
14:17:28,773,28.7,0.03,-1.07,0.06,291.383,0.412,29.170,0.07,78
14:17:29,808,28.7,0.03,-1.04,0.09,287.163,0.410,29.098,0.04,74
14:17:29,753,28.7,0.03,-1.04,0.09,282.498,0.411,29.143,0.04,80
14:17:30,762,28.7,0.03,-1.04,0.09,277.743,0.413,29.216,0.04,79
14:17:31,804,28.8,0.03,-1.04,0.06,271.846,0.417,29.436,0.04,75
14:17:32,814,28.8,0.03,-1.04,0.06,265.903,0.425,29.811,0.04,74
14:17:32,766,28.8,0.03,-1.04,0.09,259.531,0.435,30.333,0.04,78
14:17:33,781,28.8,0.03,-1.04,0.09,253.355,0.447,30.905,0.04,77
14:17:34,781,28.8,0.03,-1.04,0.06,246.738,0.464,31.678,0.04,77
14:17:35,805,28.8,0.03,-1.04,0.06,240.473,0.483,32.554,0.04,75
14:17:36,755,28.8,0.03,-1.04,0.09,234.337,0.506,33.592,0.04,79
14:17:36,749,28.8,0.03,-1.04,0.09,228.745,0.530,34.650,0.04,80
14:17:37,771,28.8,0.03,-1.04,0.06,223.132,0.559,35.867,0.04,78
14:17:38,806,28.8,0.03,-1.04,0.06,218.547,0.589,37.080,0.04,74
14:17:39,807,28.8,0.03,-1.07,0.09,214.033,0.626,38.502,0.08,74
14:17:39,755,28.8,0.03,-1.07,0.13,210.192,0.666,39.979,0.08,79
14:17:40,740,28.8,0.03,-1.04,0.09,207.435,0.703,41.297,0.04,81
14:17:41,749,28.8,0.03,-1.04,0.06,205.484,0.741,42.564,0.04,80
14:17:42,781,28.8,0.03,-1.04,0.06,207.657,0.757,43.090,0.04,77
14:17:42,768,28.8,0.03,-1.04,0.09,207.139,0.793,44.218,0.04,78
14:17:43,742,28.8,0.03,-1.04,0.09,207.514,0.826,45.247,0.04,81
14:17:44,794,28.8,0.03,-1.04,0.09,208.609,0.857,46.143,0.04,76
14:17:45,790,28.8,0.03,-1.04,0.06,211.165,0.879,46.793,0.04,76
14:17:46,800,28.8,0.03,-1.04,0.06,214.390,0.896,47.270,0.04,75
14:17:46,745,28.8,0.03,-1.04,0.09,218.466,0.909,47.615,0.04,81
14:17:47,742,28.8,0.03,-1.04,0.09,223.159,0.919,47.889,0.04,81
14:17:48,760,28.8,0.03,-1.04,0.06,228.485,0.923,48.010,0.04,79
14:17:49,770,28.8,0.03,-1.04,0.06,234.492,0.923,47.986,0.04,78
14:17:49,751,28.8,0.03,-1.04,0.09,241.040,0.916,47.814,0.04,80
14:17:50,746,28.8,0.03,-1.04,0.09,248.441,0.903,47.450,0.04,80
14:17:51,754,28.8,0.03,-1.04,0.06,256.035,0.886,46.980,0.04,80
14:17:52,771,28.8,0.03,-1.07,0.06,264.015,0.867,46.451,0.07,78
14:17:52,740,28.8,0.03,-1.07,0.09,272.491,0.844,45.781,0.08,81
14:17:53,753,28.8,0.03,-1.04,0.09,280.816,0.819,45.038,0.04,80
14:17:54,770,28.8,0.03,-1.04,0.06,289.486,0.791,44.173,0.04,78
14:17:55,806,28.8,0.03,-1.07,0.03,297.893,0.766,43.382,0.07,74
14:17:55,790,28.8,0.03,-1.04,0.06,306.417,0.740,42.538,0.04,76
14:17:56,731,28.8,0.03,-1.04,0.13,314.725,0.713,41.617,0.05,82
14:17:57,754,28.8,0.03,-1.04,0.09,322.584,0.681,40.506,0.04,80
14:17:58,781,28.8,0.03,-1.04,0.06,330.175,0.652,39.481,0.04,77
14:17:59,787,28.8,0.03,-1.07,0.06,337.117,0.623,38.385,0.07,76
14:17:59,724,28.8,0.03,-1.07,0.09,343.682,0.595,37.297,0.08,83
14:18:00,697,28.8,0.03,-1.04,0.13,349.309,0.566,36.131,0.05,86
14:18:00,711,28.8,0.03,-1.04,0.06,354.630,0.541,35.103,0.04,84
14:18:01,713,28.8,0.03,-1.04,0.06,358.794,0.516,34.017,0.04,84
14:18:02,755,28.8,0.03,-1.04,0.06,362.611,0.493,33.028,0.04,79
14:18:03,737,28.8,0.03,-1.04,0.09,365.577,0.471,32.005,0.04,81
14:18:03,723,28.8,0.03,-1.04,0.09,368.136,0.451,31.089,0.04,83
14:18:04,768,28.8,0.03,-1.04,0.09,369.584,0.433,30.192,0.04,78
14:18:05,803,28.8,0.03,-1.04,0.06,371.115,0.415,29.342,0.04,75
14:18:06,824,28.8,0.03,-1.07,0.09,371.767,0.398,28.472,0.08,73
14:18:07,752,28.8,0.06,-1.04,0.09,371.432,0.382,27.629,0.05,80
14:18:07,776,28.8,0.06,-1.04,0.09,371.345,0.371,27.083,0.05,77
14:18:08,776,28.8,0.03,-1.04,0.06,370.255,0.362,26.602,0.04,77
14:18:09,771,28.8,0.03,-1.04,0.09,369.162,0.357,26.290,0.04,78
14:18:10,732,28.8,0.03,-1.04,0.09,368.195,0.354,26.149,0.04,82
14:18:10,729,28.8,0.03,-1.04,0.09,366.649,0.354,26.148,0.04,82
14:18:11,719,28.8,0.03,-1.07,0.06,368.386,0.355,26.206,0.07,83
14:18:12,735,28.8,0.03,-1.04,0.06,367.214,0.360,26.463,0.04,82
14:18:12,687,28.8,0.03,-1.04,0.09,365.931,0.368,26.883,0.04,87
14:18:13,715,28.8,0.03,-1.04,0.09,364.326,0.379,27.461,0.04,84
14:18:14,743,28.8,0.03,-1.04,0.06,363.100,0.394,28.277,0.04,81
14:18:15,819,28.8,0.03,-1.04,0.06,362.348,0.416,29.361,0.04,73
14:18:16,830,28.8,0.03,-1.07,0.09,362.440,0.442,30.647,0.08,72
14:18:17,797,28.8,0.03,-1.04,0.09,362.897,0.472,32.065,0.04,75
14:18:18,819,28.8,0.03,-1.04,0.06,363.248,0.508,33.675,0.04,73
14:18:18,836,28.8,0.03,-1.04,0.06,364.356,0.545,35.257,0.04,72
14:18:19,850,28.8,0.03,-1.04,0.09,365.787,0.586,36.942,0.04,71
14:18:20,811,28.8,0.03,-1.07,0.09,367.518,0.632,38.724,0.08,74
14:18:21,807,28.8,0.03,-1.04,0.09,369.493,0.681,40.504,0.04,74
14:18:22,803,28.8,0.03,-1.04,0.06,371.717,0.733,42.310,0.04,75
14:18:22,809,28.8,0.03,-1.04,0.06,374.236,0.787,44.052,0.04,74
14:18:23,773,28.8,0.03,-1.04,0.09,376.524,0.848,45.898,0.04,78
14:18:24,768,28.8,0.03,-1.04,0.09,379.088,0.909,47.603,0.04,78
14:18:25,785,28.8,0.03,-1.04,0.06,381.646,0.972,49.281,0.04,76
14:18:25,788,28.8,0.03,-1.07,0.09,384.386,1.035,50.861,0.08,76
14:18:26,771,28.8,0.03,-1.04,0.09,386.590,1.102,52.435,0.04,78
14:18:27,778,28.8,0.03,-1.07,0.09,389.034,1.171,53.940,0.08,77
14:18:28,778,28.8,0.03,-1.04,0.06,393.972,1.279,56.117,0.04,77
14:18:29,792,28.8,0.03,-1.04,0.06,396.109,1.354,57.526,0.04,76
14:18:29,751,28.8,0.03,-1.07,0.13,397.081,1.440,59.015,0.08,80
14:18:30,749,28.8,0.03,-1.04,0.09,398.759,1.521,60.337,0.04,80
14:18:31,754,28.8,0.03,-1.07,0.06,399.844,1.606,61.633,0.07,80
14:18:32,776,28.8,0.03,-1.04,0.06,399.718,1.695,62.900,0.04,77
14:18:32,742,28.8,0.03,-1.04,0.06,396.771,1.752,63.658,0.04,81
14:18:33,684,28.8,0.03,-1.04,0.13,395.374,1.846,64.861,0.05,88
14:18:34,702,28.8,0.03,-1.04,0.09,394.022,1.935,65.928,0.04,85
14:18:34,709,28.8,0.03,-1.04,0.06,391.916,2.027,66.961,0.04,85
14:18:35,737,28.8,0.03,-1.04,0.06,389.735,2.113,67.880,0.04,81
14:18:36,731,28.8,0.03,-1.07,0.09,385.968,2.206,68.811,0.08,82
14:18:36,686,28.8,0.03,-1.04,0.09,381.233,2.300,69.700,0.04,87
14:18:37,708,28.8,0.03,-1.07,0.13,376.371,2.388,70.483,0.08,85
14:18:38,732,28.8,0.03,-1.07,0.06,370.996,2.473,71.209,0.07,82
14:18:39,743,28.8,0.03,-1.04,0.06,365.940,2.553,71.852,0.04,81
14:18:39,723,28.8,0.03,-1.04,0.09,359.409,2.634,72.479,0.04,83
14:18:40,724,28.8,0.03,-1.04,0.09,352.223,2.709,73.041,0.04,83
14:18:41,742,28.8,0.03,-1.04,0.09,344.219,2.781,73.552,0.04,81
14:18:42,774,28.8,0.03,-1.04,0.06,337.532,2.842,73.973,0.04,78
14:18:42,770,28.8,0.03,-1.04,0.09,328.843,2.902,74.374,0.04,78
14:18:43,718,28.8,0.03,-1.04,0.13,324.705,2.925,74.524,0.05,84
14:18:44,714,28.8,0.03,-1.04,0.09,316.310,2.967,74.792,0.04,84
14:18:44,721,28.8,0.03,-1.04,0.06,309.177,2.996,74.973,0.04,83
14:18:45,757,28.8,0.03,-1.04,0.06,302.049,3.015,75.093,0.04,79
14:18:46,748,28.8,0.03,-1.04,0.09,295.096,3.020,75.127,0.04,80
14:18:47,720,28.8,0.03,-1.04,0.09,288.466,3.011,75.066,0.04,83
14:18:48,753,28.8,0.06,-1.04,0.09,281.869,2.986,74.914,0.05,80
14:18:48,771,28.8,0.03,-1.07,0.06,275.802,2.946,74.656,0.07,78
14:18:49,819,28.8,0.03,-1.04,0.09,270.605,2.887,74.270,0.04,73
14:18:50,755,28.8,0.06,-1.04,0.13,266.288,2.806,73.726,0.05,79
14:18:51,759,28.8,0.03,-1.04,0.09,261.700,2.708,73.032,0.04,79
14:18:51,779,28.8,0.03,-1.04,0.06,258.786,2.602,72.237,0.04,77
14:18:52,792,28.8,0.03,-1.04,0.06,255.975,2.472,71.200,0.04,76
14:18:53,778,28.8,0.03,-1.04,0.09,254.318,2.333,70.001,0.04,77
14:18:54,734,28.8,0.03,-1.04,0.09,253.237,2.185,68.607,0.04,82
14:18:55,748,28.8,0.03,-1.04,0.09,252.570,2.030,66.997,0.04,80
14:18:55,794,28.8,0.03,-1.04,0.06,253.003,1.876,65.232,0.04,76
14:18:56,803,28.8,0.03,-1.04,0.06,254.152,1.722,63.259,0.04,75
14:18:57,767,28.8,0.03,-1.07,0.09,256.109,1.572,61.120,0.08,78
14:18:58,795,28.8,0.03,-1.04,0.09,258.520,1.426,58.775,0.04,75
14:18:59,803,28.8,0.03,-1.04,0.06,261.680,1.286,56.253,0.04,75
14:18:59,788,28.8,0.03,-1.04,0.09,266.137,1.084,52.024,0.04,76
14:19:00,723,28.8,0.03,-1.04,0.13,270.487,0.993,49.818,0.05,83
14:19:01,726,28.8,0.03,-1.04,0.09,274.896,0.911,47.684,0.04,83
14:19:01,760,28.8,0.03,-1.07,0.06,279.634,0.833,45.431,0.07,79
14:19:02,770,28.8,0.03,-1.04,0.06,284.696,0.769,43.466,0.04,78
14:19:03,747,28.8,0.06,-1.04,0.09,289.926,0.718,41.776,0.05,80
14:19:04,767,28.8,0.03,-1.04,0.09,295.234,0.669,40.068,0.04,78
14:19:05,785,28.8,0.03,-1.04,0.06,300.764,0.627,38.525,0.04,76
14:19:05,798,28.8,0.06,-1.04,0.06,306.533,0.593,37.226,0.04,75
14:19:06,770,28.8,0.03,-1.07,0.09,311.928,0.572,36.400,0.08,78
14:19:07,757,28.8,0.03,-1.04,0.09,317.210,0.554,35.656,0.04,79
14:19:08,757,28.8,0.03,-1.04,0.06,322.236,0.540,35.066,0.04,79
14:19:08,752,28.8,0.03,-1.04,0.09,327.221,0.529,34.603,0.04,80
14:19:09,775,28.8,0.06,-1.04,-0.03,331.492,0.522,34.302,0.04,77
14:19:10,709,28.8,0.09,-1.04,0.09,335.826,0.517,34.080,0.05,85
14:19:10,694,28.8,0.09,-1.07,0.13,339.489,0.511,33.803,0.08,86
14:19:11,706,28.8,0.09,-1.04,0.09,342.745,0.505,33.542,0.05,85
14:19:12,737,28.8,0.09,-1.07,0.06,345.833,0.499,33.305,0.08,81
14:19:13,762,28.8,0.06,-1.07,0.13,348.757,0.495,33.111,0.08,79
14:19:13,725,28.8,0.09,-1.07,0.13,351.419,0.492,32.961,0.08,83
14:19:14,639,28.8,0.06,-1.07,0.16,353.528,0.490,32.867,0.08,94
14:19:14,628,28.8,0.06,-1.04,0.09,355.466,0.493,33.033,0.05,96
14:19:15,645,28.8,0.06,-1.07,-0.06,356.690,0.494,33.054,0.07,93
14:19:16,646,28.8,0.06,-1.07,-0.09,357.747,0.496,33.134,0.08,93
14:19:17,678,28.8,0.06,-1.10,-0.03,358.345,0.500,33.333,0.10,88
14:19:17,722,28.8,0.06,-1.07,0.06,358.375,0.507,33.653,0.07,83
14:19:18,781,28.8,0.03,-1.07,0.13,358.650,0.515,33.989,0.08,77
14:19:19,829,28.8,0.06,-1.04,0.13,358.580,0.523,34.337,0.05,72
14:19:20,829,28.8,0.06,-1.04,0.09,358.717,0.531,34.691,0.05,72
14:19:21,789,28.8,0.06,-1.04,0.16,358.599,0.542,35.157,0.05,76
14:19:22,771,28.8,0.06,-1.04,0.16,361.940,0.546,35.331,0.05,78
14:19:22,787,28.8,0.03,-1.04,0.16,362.545,0.562,35.986,0.05,76
14:19:23,793,28.8,0.03,-1.04,0.13,363.834,0.583,36.819,0.05,76
14:19:24,777,28.8,0.06,-1.04,0.13,366.074,0.611,37.930,0.05,77
14:19:25,755,28.8,0.06,-1.07,-0.09,368.602,0.644,39.154,0.08,79
14:19:25,750,28.8,-0.03,-1.04,-0.16,372.225,0.685,40.669,0.05,80
14:19:26,759,28.8,-0.03,-1.04,-0.19,376.942,0.735,42.353,0.06,79
14:19:27,729,28.8,-0.03,-1.04,-0.16,382.912,0.793,44.230,0.05,82
14:19:27,731,28.8,-0.03,-1.04,-0.13,388.989,0.855,46.097,0.05,82
14:19:28,744,28.8,-0.03,-1.04,-0.13,397.332,0.932,48.231,0.05,81
14:19:29,773,28.8,-0.03,-1.04,-0.13,406.954,1.011,50.261,0.05,78
14:19:30,781,28.8,-0.03,-1.04,-0.13,418.100,1.094,52.247,0.05,77
14:19:31,787,28.8,-0.03,-1.04,-0.13,430.677,1.182,54.169,0.05,76
14:19:31,785,28.8,-0.03,-1.04,-0.13,444.833,1.275,56.046,0.05,76
14:19:32,776,28.8,-0.03,-1.04,-0.16,461.849,1.368,57.764,0.05,77
14:19:33,732,28.8,-0.03,-1.07,-0.06,479.319,1.450,59.183,0.07,82
14:19:33,711,28.8,-0.03,-1.07,-0.06,495.335,1.532,60.512,0.07,84
14:19:34,717,28.8,-0.03,-1.04,-0.09,511.900,1.615,61.760,0.04,84
14:19:35,750,28.8,-0.03,-1.04,-0.09,529.413,1.698,62.936,0.04,80
14:19:36,818,28.8,-0.03,-1.04,-0.09,547.382,1.775,63.968,0.04,73
14:19:37,872,28.8,-0.03,-1.04,-0.09,567.745,1.842,64.808,0.04,69
14:19:38,857,28.8,-0.03,-1.07,-0.09,582.560,1.988,66.538,0.08,70
14:19:39,828,28.8,-0.03,-1.07,-0.03,605.377,2.049,67.200,0.07,72
14:19:39,810,28.8,-0.03,-1.07,-0.03,624.592,2.105,67.798,0.07,74
14:19:40,808,28.8,-0.03,-1.04,-0.06,642.564,2.156,68.319,0.04,74
14:19:41,823,28.8,-0.03,-1.07,-0.09,657.735,2.207,68.817,0.08,73
14:19:42,827,28.8,-0.03,-1.07,-0.09,673.398,2.247,69.204,0.08,73
14:19:43,807,28.9,-0.03,-1.04,-0.06,680.881,2.364,70.274,0.04,74
14:19:43,792,28.9,-0.03,-1.07,-0.06,692.675,2.387,70.474,0.07,76
14:19:44,781,28.9,-0.03,-1.07,-0.06,702.191,2.402,70.606,0.07,77
14:19:45,784,28.9,-0.03,-1.07,-0.06,708.999,2.418,70.740,0.07,77
14:19:46,800,28.9,-0.03,-1.04,-0.09,714.093,2.427,70.824,0.04,75
14:19:47,823,28.9,-0.03,-1.07,-0.09,717.632,2.424,70.794,0.08,73
14:19:47,812,28.9,-0.03,-1.04,-0.03,719.074,2.415,70.720,0.04,74
14:19:48,804,28.9,-0.03,-1.07,-0.06,718.963,2.409,70.666,0.07,75
14:19:49,807,28.9,-0.03,-1.04,-0.06,716.526,2.399,70.580,0.04,74
14:19:50,817,28.9,-0.03,-1.04,-0.06,712.588,2.375,70.369,0.04,73
14:19:51,828,28.9,-0.03,-1.07,-0.09,708.560,2.355,70.194,0.08,72
14:19:52,830,28.9,-0.03,-1.07,-0.06,701.793,2.323,69.904,0.07,72
14:19:52,806,28.9,-0.03,-1.07,-0.03,695.159,2.295,69.655,0.07,74
14:19:53,797,28.9,-0.03,-1.07,-0.06,687.723,2.266,69.379,0.07,75
14:19:54,780,28.9,-0.03,-1.04,-0.06,678.941,2.225,68.995,0.04,77
14:19:55,786,28.9,-0.03,-1.07,-0.09,664.201,2.228,69.023,0.08,76
14:19:55,779,28.9,-0.03,-1.07,-0.06,654.392,2.186,68.616,0.07,77
14:19:56,733,28.9,-0.03,-1.04,-0.03,645.221,2.144,68.190,0.04,82
14:19:57,751,28.9,-0.03,-1.07,-0.03,641.917,2.069,67.416,0.07,80
14:19:58,761,28.9,-0.03,-1.07,-0.03,633.260,2.030,66.992,0.07,79
14:19:58,794,28.9,-0.03,-1.04,-0.06,622.856,1.977,66.415,0.04,76
14:19:59,807,28.9,-0.03,-1.04,-0.06,612.939,1.926,65.819,0.04,74
14:20:00,820,28.9,-0.03,-1.07,-0.06,602.999,1.873,65.191,0.07,73
14:20:01,803,28.9,-0.03,-1.04,-0.06,592.850,1.822,64.565,0.04,75
14:20:02,781,28.9,-0.03,-1.04,-0.03,574.035,1.799,64.267,0.04,77
14:20:02,769,28.9,-0.03,-1.07,-0.03,561.896,1.749,63.621,0.07,78
14:20:03,767,28.9,-0.03,-1.04,-0.06,549.759,1.709,63.089,0.04,78
14:20:04,781,28.9,-0.03,-1.04,-0.06,537.579,1.681,62.695,0.04,77
14:20:05,789,28.9,-0.03,-1.04,-0.09,523.280,1.650,62.257,0.04,76
14:20:06,763,28.9,-0.03,-1.07,-0.03,507.840,1.618,61.803,0.07,79
14:20:06,781,28.9,-0.03,-1.07,-0.06,492.693,1.598,61.514,0.07,77
14:20:07,783,28.9,-0.03,-1.07,-0.06,476.789,1.584,61.299,0.07,77
14:20:08,792,28.9,-0.03,-1.04,-0.06,460.199,1.574,61.150,0.04,76
14:20:09,781,28.9,-0.03,-1.04,-0.06,442.215,1.569,61.074,0.04,77
14:20:09,757,28.9,0.06,-1.04,0.09,424.633,1.560,60.940,0.05,79
14:20:10,739,28.9,0.06,-1.07,0.09,406.986,1.555,60.859,0.08,81
14:20:11,710,28.9,0.03,-1.07,-0.03,389.504,1.559,60.918,0.07,85
14:20:11,700,28.9,0.03,-1.04,-0.09,370.625,1.569,61.070,0.04,86
14:20:12,673,28.9,0.03,-1.04,-0.09,351.702,1.588,61.356,0.04,89
14:20:12,635,28.9,0.03,-1.07,-0.06,332.950,1.607,61.638,0.07,94
14:20:13,627,28.9,0.03,-1.04,-0.06,316.851,1.628,61.948,0.04,96
14:20:14,629,28.9,0.00,-1.07,-0.06,301.358,1.653,62.314,0.07,95
14:20:15,656,29.0,0.00,-1.07,-0.06,300.277,1.644,62.181,0.07,91
14:20:15,690,29.0,0.03,-1.04,-0.06,284.901,1.677,62.640,0.04,87
14:20:16,728,29.0,-0.03,-1.04,-0.09,270.135,1.714,63.156,0.04,82
14:20:17,741,29.0,0.03,-1.07,-0.06,240.424,1.813,64.453,0.07,81
14:20:18,713,29.0,0.03,-1.07,-0.03,225.343,1.875,65.222,0.07,84
14:20:18,704,29.0,-0.03,-1.07,-0.03,210.258,1.951,66.110,0.07,85
14:20:19,696,29.0,-0.03,-1.04,-0.06,209.013,1.975,66.382,0.04,86
14:20:20,697,29.0,-0.03,-1.07,-0.09,195.170,2.074,67.465,0.08,86
14:20:20,719,29.0,0.03,-1.04,-0.06,183.421,2.185,68.605,0.04,83
14:20:21,772,29.0,-0.03,-1.07,-0.09,173.284,2.313,69.817,0.08,78
14:20:22,810,29.0,-0.03,-1.04,-0.09,163.862,2.477,71.238,0.04,74
14:20:23,854,29.0,-0.03,-1.04,-0.13,155.735,2.674,72.779,0.05,70
14:20:24,829,29.0,-0.03,-1.04,-0.09,148.877,2.920,74.491,0.04,72
14:20:25,788,29.0,0.00,-1.04,-0.03,143.512,3.193,76.149,0.04,76
14:20:25,784,29.0,-0.03,-1.07,-0.06,139.647,3.462,77.587,0.07,77
14:20:26,789,29.0,-0.03,-1.04,-0.09,136.968,3.745,78.927,0.04,76
14:20:27,798,29.1,-0.03,-1.04,-0.09,135.533,4.049,80.193,0.04,75
14:20:28,777,29.1,0.03,-1.04,-0.13,135.426,4.347,81.297,0.05,77
14:20:28,755,29.1,0.03,-1.07,-0.03,136.522,4.680,82.394,0.07,79
14:20:29,761,29.1,-0.03,-1.07,-0.06,139.405,4.921,83.112,0.07,79
14:20:30,776,29.1,0.00,-1.04,-0.06,143.669,5.132,83.693,0.04,77
14:20:31,800,29.1,0.03,-1.04,-0.09,149.372,5.301,84.130,0.04,75
14:20:32,788,29.1,-0.03,-1.04,-0.09,156.490,5.420,84.424,0.04,76
14:20:32,769,29.1,0.03,-1.07,-0.03,165.158,5.485,84.581,0.07,78
14:20:33,764,29.1,0.03,-1.07,-0.06,174.290,5.508,84.633,0.07,79
14:20:34,778,29.1,-0.03,-1.04,-0.09,185.404,5.503,84.621,0.04,77
14:20:35,799,29.1,0.00,-1.04,-0.09,197.346,5.481,84.570,0.04,75
14:20:35,793,29.1,0.03,-1.07,-0.03,211.490,5.439,84.469,0.07,76
14:20:36,768,29.1,-0.03,-1.07,-0.03,226.595,5.385,84.337,0.07,78
14:20:37,772,29.1,0.03,-1.04,-0.06,242.391,5.314,84.163,0.04,78
14:20:38,782,29.1,-0.03,-1.04,-0.06,258.504,5.231,83.950,0.04,77
14:20:39,797,29.1,-0.03,-1.04,-0.09,276.158,5.124,83.670,0.04,75
14:20:39,785,29.1,-0.03,-1.07,-0.09,294.247,5.008,83.356,0.08,76
14:20:40,759,29.1,-0.03,-1.07,-0.03,312.655,4.884,83.003,0.07,79
14:20:41,737,29.1,-0.03,-1.07,-0.03,329.408,4.770,82.668,0.07,81
14:20:42,733,29.1,0.03,-1.04,-0.06,345.166,4.656,82.321,0.04,82
14:20:42,726,29.1,-0.03,-1.07,-0.09,361.059,4.494,81.797,0.08,83
14:20:43,750,29.1,0.00,-1.04,-0.09,375.570,4.378,81.406,0.04,80
14:20:44,724,29.1,-0.03,-1.04,-0.06,390.383,4.246,80.939,0.04,83
14:20:44,736,29.1,-0.03,-1.07,-0.06,402.276,4.130,80.507,0.07,82
14:20:45,741,29.1,-0.03,-1.04,-0.06,412.904,4.010,80.041,0.04,81
14:20:46,788,29.1,0.03,-1.04,-0.13,423.192,3.866,79.448,0.05,76
14:20:47,809,29.1,-0.03,-1.04,-0.09,430.584,3.751,78.953,0.04,74
14:20:48,786,29.1,-0.03,-1.04,-0.06,437.098,3.622,78.362,0.04,76
14:20:48,759,29.1,0.03,-1.04,-0.03,441.138,3.491,77.732,0.04,79
14:20:49,760,29.1,-0.03,-1.07,-0.06,442.479,3.360,77.067,0.07,79
14:20:50,766,29.1,0.03,-1.07,-0.09,440.595,3.252,76.484,0.08,78
14:20:51,774,29.1,-0.03,-1.04,-0.09,436.396,3.149,75.899,0.04,78
14:20:51,783,29.1,-0.03,-1.07,-0.09,430.600,3.035,75.217,0.08,77
14:20:52,733,29.1,-0.03,-1.07,-0.03,422.717,2.925,74.523,0.07,82
14:20:53,742,29.1,-0.03,-1.07,-0.03,412.811,2.836,73.934,0.07,81
14:20:54,746,29.1,0.03,-1.07,-0.06,417.955,2.724,73.149,0.07,80
14:20:54,740,29.2,-0.03,-1.04,-0.09,405.520,2.644,72.555,0.04,81
14:20:55,757,29.2,0.06,-1.07,-0.09,391.846,2.553,71.855,0.08,79
14:20:56,744,29.2,0.06,-1.07,0.06,378.395,2.466,71.145,0.07,81
14:20:57,719,29.2,0.03,-1.07,-0.06,363.636,2.382,70.430,0.07,83
14:20:57,706,29.2,0.03,-1.04,-0.06,347.909,2.303,69.725,0.04,85
14:20:58,708,29.2,0.03,-1.04,-0.06,331.313,2.236,69.096,0.04,85
14:20:59,706,29.2,0.03,-1.04,-0.06,314.425,2.169,68.441,0.04,85
14:20:59,694,29.2,0.03,-1.04,-0.09,297.531,2.102,67.763,0.04,86
14:21:00,667,29.2,0.03,-1.04,-0.16,281.656,2.040,67.104,0.05,90
14:21:00,658,29.2,0.03,-1.04,-0.13,267.069,1.984,66.493,0.05,91
14:21:01,658,29.2,0.09,-1.04,-0.13,254.289,1.937,65.950,0.05,91
14:21:02,663,29.2,0.13,-1.07,0.06,253.737,1.918,65.730,0.08,90
14:21:03,664,29.2,0.09,-1.04,-0.03,241.442,1.877,65.243,0.04,90
14:21:03,683,29.2,0.09,-1.07,-0.03,230.064,1.840,64.794,0.08,88
14:21:04,667,29.2,0.06,-1.04,-0.06,219.839,1.810,64.416,0.04,90
14:21:05,668,29.2,0.06,-1.04,-0.06,211.127,1.791,64.171,0.04,90
14:21:05,681,29.2,0.06,-1.04,-0.09,203.291,1.779,64.013,0.05,88
14:21:06,722,29.2,0.09,-1.07,-0.06,203.781,1.786,64.102,0.08,83
14:21:07,755,29.2,0.09,-1.07,0.06,196.953,1.789,64.145,0.08,79
14:21:08,777,29.2,0.13,-1.07,0.09,191.461,1.801,64.301,0.08,77
14:21:08,735,29.2,0.09,-1.04,0.31,186.886,1.827,64.623,0.09,82
14:21:09,724,29.2,0.09,-0.98,0.50,183.251,1.859,65.019,0.10,83
14:21:10,697,29.2,0.16,-0.98,0.54,180.446,1.897,65.487,0.12,86
14:21:10,676,29.2,0.09,-0.91,0.50,178.327,1.941,65.994,0.05,89
14:21:11,645,29.2,0.09,-0.91,0.50,176.647,1.988,66.529,0.05,93
14:21:12,654,29.2,0.09,-0.91,0.47,175.606,2.030,66.998,0.03,92
14:21:12,653,29.2,0.09,-0.94,0.47,174.457,2.089,67.628,0.06,92
14:21:13,678,29.2,0.06,-0.94,0.47,173.761,2.144,68.197,0.06,88
14:21:14,692,29.2,0.06,-0.91,0.50,173.244,2.205,68.797,0.05,87
14:21:14,672,29.2,0.09,-0.98,0.47,172.525,2.279,69.506,0.09,89
14:21:15,686,29.2,0.06,-1.01,0.44,171.960,2.352,70.171,0.10,87
14:21:16,690,29.2,-0.09,-0.98,0.47,171.558,2.428,70.832,0.09,87
14:21:17,740,29.2,0.06,-0.94,0.41,170.970,2.519,71.586,0.03,81
14:21:18,804,29.2,0.06,-0.98,0.41,170.643,2.605,72.261,0.06,75
14:21:18,783,29.2,-0.06,-0.98,0.47,170.406,2.692,72.917,0.09,77
14:21:19,733,29.2,0.09,-0.94,0.54,170.167,2.775,73.513,0.09,82
14:21:20,743,29.2,0.06,-0.94,0.47,169.861,2.855,74.063,0.06,81
14:21:20,767,29.2,0.06,-0.98,0.41,169.559,2.943,74.639,0.06,78
14:21:21,800,29.2,0.06,-1.13,0.54,166.723,3.098,75.599,0.26,75
14:21:22,761,29.2,0.09,-1.07,-0.06,166.626,3.218,76.295,0.08,79
14:21:23,736,29.2,0.06,-1.07,-0.09,166.841,3.329,76.902,0.08,82
14:21:23,717,29.2,-0.03,-1.04,-0.13,169.701,3.379,77.164,0.05,84
14:21:24,707,29.2,0.03,-1.07,-0.06,170.742,3.488,77.717,0.07,85
14:21:25,717,29.2,-0.03,-1.07,-0.13,172.072,3.586,78.196,0.08,84
14:21:25,717,29.2,-0.06,-1.07,-0.16,173.953,3.677,78.621,0.08,84
14:21:26,702,29.2,0.09,-1.07,-0.16,176.422,3.760,78.990,0.09,85
14:21:27,680,29.2,0.06,-1.04,-0.16,179.853,3.830,79.298,0.05,88
14:21:27,661,29.2,0.09,-1.04,-0.16,183.426,3.889,79.547,0.06,91
14:21:28,659,29.2,0.03,-1.04,-0.19,187.595,3.934,79.734,0.06,91
14:21:29,674,29.2,0.03,-1.04,-0.19,192.509,3.965,79.857,0.06,89
14:21:30,718,29.2,0.03,-1.04,-0.19,198.231,3.926,79.700,0.06,84
14:21:31,774,29.2,-0.03,-1.04,-0.22,205.149,3.929,79.711,0.06,78
14:21:31,792,29.2,0.03,-1.04,-0.19,212.306,3.931,79.721,0.06,76
14:21:32,807,29.2,0.03,-1.04,-0.19,221.400,3.910,79.632,0.06,74
14:21:33,849,29.2,0.03,-1.04,-0.19,230.468,3.889,79.547,0.06,71
14:21:34,886,29.2,0.03,-1.04,-0.19,241.046,3.855,79.403,0.06,68
14:21:35,854,29.2,0.03,-1.04,-0.22,255.175,3.835,79.319,0.06,70
14:21:36,842,29.2,0.03,-1.07,-0.19,267.200,3.792,79.130,0.09,71
14:21:37,829,29.2,0.03,-1.04,-0.19,278.946,3.757,78.977,0.06,72
14:21:37,843,29.2,0.03,-1.07,-0.19,291.358,3.722,78.821,0.09,71
14:21:38,818,29.2,0.03,-1.04,-0.19,303.512,3.698,78.714,0.06,73
14:21:39,807,29.2,0.03,-1.04,-0.22,315.531,3.681,78.635,0.06,74
14:21:40,772,29.2,0.03,-1.04,-0.16,326.634,3.673,78.602,0.05,78
14:21:40,760,29.2,0.03,-1.04,-0.19,336.953,3.673,78.601,0.06,79
14:21:41,760,29.2,0.03,-1.04,-0.22,346.567,3.686,78.659,0.06,79
14:21:42,767,29.2,0.03,-1.04,-0.19,355.479,3.706,78.752,0.06,78
14:21:43,741,29.3,0.03,-1.04,-0.16,363.826,3.741,78.907,0.05,81
14:21:43,741,29.3,0.03,-1.04,-0.16,371.071,3.787,79.108,0.05,81
14:21:44,763,29.3,-0.03,-1.04,-0.19,377.458,3.849,79.377,0.06,79
14:21:45,775,29.3,0.03,-1.04,-0.19,382.377,3.939,79.755,0.06,77
14:21:46,777,29.3,0.03,-1.04,-0.22,387.522,4.033,80.129,0.06,77
14:21:46,737,29.3,0.03,-1.04,-0.19,390.726,4.162,80.627,0.06,81
14:21:47,763,29.3,0.03,-1.04,-0.19,392.415,4.309,81.166,0.06,79
14:21:48,776,29.3,0.03,-1.04,-0.19,393.152,4.468,81.712,0.06,77
14:21:49,802,29.3,-0.03,-1.04,-0.19,392.751,4.644,82.283,0.06,75
14:21:50,769,29.3,0.03,-1.04,-0.19,391.266,4.838,82.870,0.06,78
14:21:50,756,29.3,0.03,-1.04,-0.19,388.292,5.053,83.479,0.06,79
14:21:51,750,29.3,0.03,-1.04,-0.22,383.960,5.287,84.094,0.06,80
14:21:52,745,29.3,0.03,-1.07,-0.22,379.152,5.522,84.667,0.09,81
14:21:52,715,29.3,0.03,-1.07,-0.19,373.232,5.772,85.233,0.09,84
14:21:53,715,29.3,0.03,-1.04,-0.19,366.152,6.033,85.782,0.06,84
14:21:54,730,29.3,0.03,-1.04,-0.22,358.349,6.302,86.304,0.06,82
14:21:55,760,29.3,0.03,-1.04,-0.19,350.859,6.564,86.779,0.06,79
14:21:56,837,29.3,0.03,-1.07,-0.19,341.892,6.852,87.265,0.09,72
14:21:57,794,29.3,0.03,-1.04,-0.16,331.023,7.183,87.779,0.05,76
14:21:57,793,29.3,0.03,-1.04,-0.19,322.179,7.472,88.197,0.06,76
14:21:58,813,29.3,0.03,-1.04,-0.22,312.012,7.777,88.606,0.06,74
14:21:59,811,29.3,0.03,-1.04,-0.19,301.971,8.076,88.982,0.06,74
14:22:00,803,29.3,0.03,-1.04,-0.19,291.313,8.367,89.324,0.06,75
14:22:01,797,29.3,-0.03,-1.07,-0.19,276.442,8.802,89.798,0.09,75
14:22:01,809,29.3,0.03,-1.04,-0.22,267.006,9.017,90.017,0.06,74
14:22:02,814,29.3,0.03,-1.04,-0.22,258.765,9.194,90.190,0.06,74
14:22:03,788,29.3,0.03,-1.07,-0.19,244.597,9.458,90.438,0.09,76
14:22:04,788,29.3,0.03,-1.04,-0.19,237.601,9.509,90.484,0.06,76
14:22:05,801,29.3,0.03,-1.04,-0.19,231.242,9.501,90.477,0.06,75
14:22:05,809,29.3,0.03,-1.04,-0.22,225.481,9.430,90.412,0.06,74
14:22:06,797,29.3,0.03,-1.04,-0.19,220.090,9.291,90.283,0.06,75
14:22:07,756,29.3,0.03,-1.04,-0.16,215.249,9.076,90.075,0.05,79
14:22:08,754,29.3,0.03,-1.04,-0.22,211.473,8.806,89.802,0.06,80
14:22:08,762,29.3,0.06,-1.04,-0.25,208.923,8.477,89.448,0.07,79
14:22:09,771,29.3,0.06,-1.04,-0.19,207.295,8.095,89.005,0.06,78
14:22:10,722,29.3,0.03,-1.04,-0.19,206.286,7.662,88.456,0.06,83
14:22:10,740,29.3,0.06,-1.04,-0.19,206.177,7.245,87.872,0.06,81
14:22:11,758,29.3,0.03,-1.04,-0.22,206.537,6.812,87.200,0.06,79
14:22:12,837,29.3,0.03,-1.04,-0.22,207.748,6.044,85.804,0.06,72
14:22:13,802,29.3,-0.06,-1.04,-0.22,209.627,5.593,84.831,0.06,75
14:22:14,793,29.3,0.03,-1.07,-0.19,211.682,5.158,83.762,0.09,76
14:22:15,807,29.3,0.03,-1.04,-0.22,213.720,4.761,82.641,0.06,74
14:22:15,824,29.3,0.03,-1.04,-0.22,216.158,4.399,81.478,0.06,73
14:22:16,800,29.3,0.03,-1.04,-0.25,218.735,4.073,80.288,0.07,75
14:22:17,745,29.3,0.03,-1.04,-0.19,222.877,3.452,77.539,0.06,81
14:22:18,735,29.3,0.03,-1.04,-0.22,225.553,3.174,76.044,0.06,82
14:22:18,731,29.3,0.03,-1.04,-0.22,227.839,2.954,74.708,0.06,82
14:22:19,762,29.3,-0.03,-1.04,-0.22,229.934,2.764,73.434,0.06,79
14:22:20,755,29.3,0.03,-1.04,-0.19,231.936,2.608,72.282,0.06,79
14:22:21,739,29.3,0.03,-1.04,-0.19,233.660,2.479,71.253,0.06,81
14:22:21,773,29.3,-0.03,-1.04,-0.19,235.194,2.384,70.453,0.06,78
14:22:22,797,29.3,-0.03,-1.04,-0.22,236.760,2.319,69.872,0.06,75
14:22:23,815,29.4,0.03,-1.07,-0.22,238.051,2.275,69.470,0.09,74
14:22:24,767,29.4,-0.03,-1.07,-0.19,239.334,2.244,69.179,0.09,78
14:22:24,751,29.4,-0.03,-1.04,-0.19,240.610,2.221,68.950,0.06,80
14:22:25,754,29.4,0.03,-1.04,-0.22,241.451,2.208,68.829,0.06,80
14:22:26,772,29.4,-0.03,-1.04,-0.22,242.613,2.200,68.747,0.06,78
14:22:27,772,29.4,-0.03,-1.04,-0.19,243.544,2.195,68.701,0.06,78
14:22:28,762,29.4,0.03,-1.04,-0.19,244.474,2.191,68.663,0.06,79
14:22:28,760,29.4,0.03,-1.04,-0.19,245.330,2.189,68.646,0.06,79
14:22:29,773,29.4,0.03,-1.04,-0.22,246.126,2.190,68.656,0.06,78
14:22:30,766,29.4,0.03,-1.07,-0.19,246.866,2.195,68.702,0.09,78
14:22:31,718,29.4,0.00,-1.07,-0.19,248.980,2.200,68.747,0.09,84
14:22:31,747,29.4,0.03,-1.04,-0.22,250.434,2.208,68.826,0.06,80
14:22:32,764,29.4,0.03,-1.04,-0.22,252.113,2.210,68.852,0.06,79
14:22:33,802,29.4,0.03,-1.04,-0.22,252.449,2.217,68.919,0.06,75
14:22:34,803,29.4,0.03,-1.04,-0.19,254.154,2.210,68.846,0.06,75
14:22:35,766,29.4,-0.03,-1.07,-0.19,256.636,2.196,68.713,0.09,78
14:22:35,774,29.4,-0.03,-1.04,-0.22,259.245,2.179,68.545,0.06,78
14:22:36,772,29.4,0.03,-1.04,-0.22,261.730,2.158,68.330,0.06,78
14:22:37,772,29.4,0.03,-1.04,-0.25,264.785,2.131,68.062,0.07,78
14:22:38,743,29.4,0.03,-1.04,-0.19,267.631,2.102,67.764,0.06,81
14:22:38,767,29.4,0.03,-1.04,-0.22,270.839,2.072,67.449,0.06,78
14:22:39,797,29.4,0.03,-1.04,-0.22,273.928,2.042,67.123,0.06,75
14:22:40,828,29.4,0.03,-1.07,-0.19,277.261,2.011,66.785,0.09,72
14:22:41,788,29.4,-0.03,-1.04,-0.19,280.601,1.974,66.377,0.06,76
14:22:42,792,29.4,0.03,-1.04,-0.19,284.145,1.936,65.934,0.06,76
14:22:42,800,29.4,-0.03,-1.07,-0.19,287.668,1.890,65.394,0.09,75
14:22:43,820,29.4,0.03,-1.04,-0.22,291.516,1.845,64.850,0.06,73
14:22:44,820,29.4,0.03,-1.04,-0.19,295.472,1.789,64.143,0.06,73
14:22:45,764,29.4,-0.03,-1.04,-0.19,299.498,1.735,63.435,0.06,79
14:22:46,792,29.4,0.03,-1.04,-0.19,303.177,1.678,62.653,0.06,76
14:22:46,797,29.4,0.03,-1.04,-0.22,307.006,1.612,61.717,0.06,75
14:22:47,803,29.4,-0.06,-1.04,-0.22,310.654,1.551,60.801,0.06,75
14:22:48,726,29.4,-0.03,-1.07,-0.22,314.161,1.488,59.800,0.09,83
14:22:49,722,29.4,-0.06,-1.04,-0.19,317.002,1.423,58.722,0.06,83
14:22:49,734,29.4,0.03,-1.04,-0.22,319.446,1.367,57.759,0.06,82
14:22:50,780,29.4,0.03,-1.04,-0.22,321.897,1.304,56.594,0.06,77
14:22:51,836,29.4,0.03,-1.04,-0.22,324.354,1.240,55.351,0.06,72
14:22:52,785,29.4,0.03,-1.07,-0.19,326.948,1.168,53.874,0.09,76
14:22:53,813,29.4,0.03,-1.04,-0.19,328.981,1.102,52.427,0.06,74
14:22:53,841,29.4,0.03,-1.04,-0.22,330.806,1.038,50.944,0.06,71
14:22:54,844,29.4,0.03,-1.04,-0.19,329.288,0.974,49.332,0.06,71
14:22:55,809,29.4,-0.03,-1.04,-0.19,330.664,0.912,47.703,0.06,74
14:22:56,794,29.4,0.03,-1.04,-0.19,332.046,0.859,46.214,0.06,76
14:22:57,802,29.4,0.03,-1.04,-0.19,333.449,0.811,44.784,0.06,75
14:22:58,824,29.4,-0.03,-1.04,-0.19,334.996,0.767,43.408,0.06,73
14:22:58,798,29.4,0.03,-1.04,-0.19,336.729,0.726,42.069,0.06,75
14:22:59,748,29.4,0.03,-1.07,-0.16,338.967,0.700,41.185,0.08,80
14:23:00,755,29.4,0.03,-1.04,-0.19,341.040,0.676,40.339,0.06,79
14:23:00,743,29.4,-0.03,-1.04,-0.22,343.664,0.662,39.826,0.06,81
14:23:01,767,29.4,-0.03,-1.07,-0.22,346.241,0.652,39.454,0.09,78
14:23:02,774,29.4,-0.03,-1.04,-0.19,349.281,0.650,39.381,0.06,78
14:23:03,797,29.4,0.03,-1.04,-0.22,352.991,0.656,39.621,0.06,75
14:23:04,804,29.4,0.03,-1.04,-0.22,354.610,0.645,39.208,0.06,75
14:23:05,839,29.4,0.03,-1.04,-0.22,358.409,0.659,39.723,0.06,72
14:23:05,824,29.4,-0.03,-1.07,-0.22,362.311,0.678,40.420,0.09,73
14:23:06,830,29.4,0.03,-1.04,-0.19,370.134,0.732,42.272,0.06,72
14:23:07,849,29.4,-0.03,-1.04,-0.19,374.856,0.760,43.172,0.06,71
14:23:08,858,29.4,0.03,-1.04,-0.22,379.858,0.791,44.159,0.06,70
14:23:09,808,29.4,0.03,-1.07,-0.19,384.993,0.826,45.221,0.09,74
14:23:10,809,29.4,0.03,-1.04,-0.19,389.768,0.861,46.262,0.06,74
14:23:10,795,29.4,0.03,-1.04,-0.22,394.961,0.900,47.356,0.06,75
14:23:11,788,29.4,0.03,-1.07,-0.19,399.256,0.942,48.509,0.09,76
14:23:12,750,29.4,0.03,-1.04,-0.22,404.288,0.990,49.741,0.06,80
14:23:13,752,29.4,0.03,-1.04,-0.19,407.949,1.037,50.913,0.06,80
14:23:13,764,29.4,-0.03,-1.04,-0.22,411.797,1.084,52.014,0.06,79
14:23:14,797,29.4,0.03,-1.04,-0.22,414.073,1.133,53.128,0.06,75
14:23:15,817,29.4,0.03,-1.07,-0.22,415.483,1.186,54.247,0.09,73
14:23:16,789,29.4,-0.03,-1.07,-0.19,416.055,1.239,55.333,0.09,76
14:23:17,811,29.4,0.03,-1.04,-0.22,415.738,1.291,56.355,0.06,74
14:23:17,832,29.4,0.03,-1.04,-0.22,413.365,1.348,57.414,0.06,72
14:23:18,834,29.4,0.03,-1.04,-0.22,409.978,1.409,58.480,0.06,72
14:23:19,807,29.4,-0.03,-1.04,-0.19,405.010,1.475,59.603,0.06,74
14:23:20,800,29.4,0.03,-1.04,-0.19,400.118,1.543,60.678,0.06,75
14:23:21,795,29.4,-0.03,-1.04,-0.22,392.891,1.618,61.798,0.06,75
14:23:21,779,29.4,-0.03,-1.04,-0.22,385.467,1.697,62.921,0.06,77
14:23:22,746,29.4,0.03,-1.04,-0.19,376.515,1.784,64.086,0.06,80
14:23:23,778,29.4,-0.03,-1.04,-0.22,367.635,1.875,65.219,0.06,77
14:23:24,807,29.4,0.03,-1.04,-0.22,357.552,1.971,66.345,0.06,74
14:23:25,815,29.4,0.03,-1.04,-0.22,345.760,2.078,67.510,0.06,74
14:23:25,807,29.4,0.03,-1.07,-0.19,329.883,2.254,69.273,0.09,74
14:23:26,800,29.4,0.03,-1.04,-0.22,317.941,2.376,70.376,0.06,75
14:23:27,812,29.4,-0.03,-1.04,-0.22,304.366,2.510,71.510,0.06,74
14:23:28,807,29.4,0.03,-1.04,-0.22,292.382,2.643,72.554,0.06,74
14:23:28,760,29.4,0.03,-1.07,-0.19,280.106,2.785,73.583,0.09,79
14:23:29,754,29.4,0.03,-1.04,-0.22,267.899,2.931,74.561,0.06,80
14:23:30,752,29.4,0.03,-1.04,-0.22,255.559,3.080,75.492,0.06,80
14:23:31,790,29.4,0.03,-1.04,-0.22,244.356,3.229,76.356,0.06,76
14:23:32,748,29.4,0.03,-1.04,-0.19,233.429,3.384,77.188,0.06,80
14:23:32,739,29.4,0.03,-1.04,-0.19,223.296,3.537,77.957,0.06,81
14:23:33,760,29.4,0.03,-1.07,-0.19,212.616,3.696,78.707,0.09,79
14:23:34,800,29.4,0.03,-1.04,-0.19,203.318,3.843,79.351,0.06,75
14:23:35,844,29.5,0.03,-1.04,-0.19,194.756,3.982,79.927,0.06,71
14:23:36,770,29.5,0.03,-1.07,-0.16,186.375,4.111,80.434,0.08,78
14:23:36,777,29.5,0.03,-1.04,-0.19,179.368,4.219,80.839,0.06,77
14:23:37,809,29.5,0.03,-1.04,-0.19,173.510,4.303,81.142,0.06,74
14:23:38,831,29.5,0.03,-1.04,-0.19,168.311,4.366,81.364,0.06,72
14:23:39,826,29.5,0.03,-1.04,-0.22,163.401,4.399,81.479,0.06,73
14:23:40,799,29.5,0.03,-1.04,-0.19,159.727,4.403,81.490,0.06,75
14:23:40,798,29.5,0.03,-1.04,-0.19,157.226,4.373,81.389,0.06,75
14:23:41,810,29.5,0.03,-1.04,-0.19,155.640,4.312,81.174,0.06,74
14:23:42,851,29.5,0.03,-1.04,-0.19,154.992,4.219,80.838,0.06,71
14:23:43,825,29.5,0.03,-1.04,-0.19,155.348,4.095,80.372,0.06,73
14:23:44,805,29.5,0.03,-1.04,-0.19,156.603,3.945,79.778,0.06,75
14:23:45,809,29.5,0.03,-1.04,-0.19,158.832,3.773,79.049,0.06,74
14:23:45,823,29.5,0.03,-1.04,-0.22,161.882,3.595,78.238,0.06,73
14:23:46,825,29.5,0.03,-1.07,-0.22,165.826,3.407,77.311,0.09,73
14:23:47,799,29.5,0.03,-1.04,-0.16,170.876,3.198,76.178,0.05,75
14:23:48,814,29.5,0.03,-1.04,-0.19,176.078,3.021,75.131,0.06,74
14:23:49,832,29.5,0.03,-1.04,-0.22,182.244,2.832,73.902,0.06,72
14:23:49,844,29.5,0.03,-1.04,-0.19,190.863,2.576,72.034,0.06,71
14:23:50,820,29.5,0.03,-1.04,-0.19,198.967,2.394,70.533,0.06,73
14:23:51,813,29.5,0.03,-1.04,-0.19,207.549,2.221,68.949,0.06,74
14:23:52,835,29.5,0.03,-1.04,-0.22,216.341,2.068,67.405,0.06,72
14:23:53,846,29.5,0.03,-1.04,-0.19,225.741,1.922,65.782,0.06,71
14:23:54,839,29.5,0.03,-1.04,-0.19,235.411,1.788,64.127,0.06,72
14:23:54,816,29.5,0.03,-1.04,-0.16,244.859,1.669,62.529,0.05,74
14:23:55,820,29.5,0.03,-1.04,-0.19,254.044,1.563,60.983,0.06,73
14:23:56,826,29.5,0.03,-1.04,-0.19,263.118,1.464,59.421,0.06,73
14:23:57,829,29.5,0.03,-1.04,-0.19,272.038,1.370,57.798,0.06,72
14:23:58,810,29.5,0.03,-1.04,-0.19,280.313,1.281,56.165,0.06,74
14:23:59,812,29.5,0.03,-1.04,-0.19,287.707,1.211,54.767,0.06,74
14:23:59,815,29.5,0.03,-1.07,-0.22,294.303,1.141,53.283,0.09,74
14:24:00,829,29.5,0.03,-1.04,-0.19,300.009,1.077,51.844,0.06,72
14:24:01,800,29.5,0.03,-1.04,-0.19,305.309,1.016,50.402,0.06,75
14:24:02,792,29.5,0.03,-1.04,-0.19,309.032,0.954,48.822,0.06,76
14:24:03,812,29.5,0.03,-1.04,-0.19,312.779,0.896,47.254,0.06,74
14:24:03,811,29.5,0.03,-1.04,-0.19,314.237,0.837,45.569,0.06,74
14:24:04,816,29.5,0.03,-1.04,-0.19,315.818,0.783,43.903,0.06,74
14:24:05,788,29.5,0.03,-1.04,-0.19,315.493,0.731,42.232,0.06,76
14:24:06,778,29.5,-0.03,-1.04,-0.19,313.696,0.682,40.538,0.06,77
14:24:07,790,29.5,0.03,-1.04,-0.22,311.424,0.637,38.902,0.06,76
14:24:07,808,29.5,0.03,-1.04,-0.25,307.910,0.595,37.316,0.07,74
14:24:08,808,29.5,0.03,-1.04,-0.19,302.727,0.556,35.750,0.06,74
14:24:09,773,29.5,0.03,-1.04,-0.19,296.419,0.520,34.191,0.06,78
14:24:10,781,29.5,0.03,-1.04,-0.19,289.126,0.485,32.669,0.06,77
14:24:10,815,29.5,0.03,-1.04,-0.19,281.114,0.452,31.152,0.06,74
14:24:11,848,29.5,0.03,-1.04,-0.19,271.941,0.420,29.569,0.06,71
14:24:12,832,29.5,0.03,-1.04,-0.19,262.340,0.388,27.943,0.06,72
14:24:13,801,29.5,0.03,-1.04,-0.19,253.194,0.358,26.386,0.06,75
14:24:14,810,29.5,0.03,-1.04,-0.19,243.012,0.331,24.858,0.06,74
14:24:15,814,29.6,0.03,-1.04,-0.19,232.322,0.304,23.324,0.06,74
14:24:15,815,29.6,0.03,-1.04,-0.19,221.087,0.280,21.859,0.06,74
14:24:16,803,29.6,-0.03,-1.07,-0.19,210.663,0.258,20.496,0.09,75
14:24:17,796,29.6,0.03,-1.04,-0.19,201.011,0.239,19.264,0.06,75
14:24:18,811,29.6,0.03,-1.04,-0.19,190.866,0.223,18.225,0.06,74
14:24:19,841,29.5,0.03,-1.04,-0.22,181.788,0.213,17.532,0.06,71
14:24:20,851,29.5,0.03,-1.04,-0.19,173.597,0.208,17.202,0.06,71
14:24:20,829,29.5,0.03,-1.04,-0.16,165.763,0.209,17.268,0.05,72
14:24:21,812,29.5,0.03,-1.04,-0.19,159.486,0.214,17.596,0.06,74
14:24:22,819,29.5,0.03,-1.04,-0.19,153.994,0.222,18.170,0.06,73
14:24:23,846,29.5,0.03,-1.04,-0.22,149.264,0.235,19.057,0.06,71
14:24:24,843,29.5,0.03,-1.04,-0.19,145.715,0.251,20.079,0.06,71
14:24:25,801,29.5,0.03,-1.04,-0.19,143.144,0.269,21.219,0.06,75
14:24:25,807,29.5,0.03,-1.04,-0.22,141.528,0.290,22.491,0.06,74
14:24:26,801,29.5,0.03,-1.04,-0.22,140.909,0.310,23.677,0.06,75
14:24:27,807,29.5,0.03,-1.04,-0.19,141.151,0.330,24.822,0.06,74
14:24:28,790,29.5,0.03,-1.07,-0.19,142.261,0.348,25.795,0.09,76
14:24:28,774,29.5,0.03,-1.04,-0.19,144.078,0.363,26.654,0.06,78
14:24:29,788,29.5,0.03,-1.04,-0.19,146.539,0.380,27.549,0.06,76
14:24:30,801,29.5,0.03,-1.04,-0.19,149.463,0.394,28.267,0.06,75
14:24:31,807,29.5,0.03,-1.04,-0.19,152.906,0.406,28.851,0.06,74
14:24:32,785,29.5,0.03,-1.10,-0.22,156.741,0.419,29.542,0.12,76
14:24:32,774,29.5,-0.03,-1.07,0.19,160.634,0.432,30.184,0.09,78
14:24:33,768,29.5,0.09,-1.07,0.16,166.148,0.443,30.721,0.09,78
14:24:34,787,29.5,0.09,-1.07,-0.13,170.695,0.448,30.962,0.08,76
14:24:35,715,29.6,0.13,-1.04,0.06,175.087,0.458,31.420,0.05,84
14:24:35,687,29.6,0.09,-1.07,-0.06,177.560,0.461,31.571,0.08,87
14:24:36,707,29.6,0.09,-1.07,0.31,181.467,0.463,31.645,0.12,85
14:24:36,702,29.6,-0.09,-0.98,0.47,185.371,0.464,31.674,0.09,85
14:24:37,652,29.6,-0.03,-0.91,0.50,189.077,0.463,31.651,0.04,92
14:24:38,645,29.6,0.09,-0.94,0.50,192.358,0.460,31.515,0.08,93
14:24:38,645,29.6,0.09,-0.94,0.50,195.259,0.459,31.445,0.08,93
14:24:39,628,29.6,0.19,-0.98,0.50,196.663,0.456,31.306,0.11,96
14:24:39,633,29.6,0.19,-1.01,0.41,198.948,0.455,31.258,0.10,95
14:24:40,640,29.6,0.06,-0.94,0.47,200.840,0.455,31.289,0.06,94
14:24:41,634,29.6,0.03,-0.94,0.50,202.267,0.458,31.425,0.07,95
14:24:41,650,29.6,0.03,-0.94,0.44,203.257,0.463,31.628,0.04,92
14:24:42,649,29.6,0.06,-0.98,0.44,203.684,0.468,31.888,0.07,92
14:24:43,644,29.6,0.06,-0.98,0.41,204.478,0.467,31.824,0.06,93
14:24:43,661,29.6,0.06,-0.98,0.44,204.331,0.475,32.201,0.07,91
14:24:44,672,29.6,0.09,-0.94,0.41,204.046,0.486,32.710,0.03,89
14:24:45,682,29.6,0.13,-0.98,0.44,204.302,0.489,32.840,0.08,88
14:24:46,676,29.6,0.09,-0.98,0.47,203.631,0.506,33.585,0.09,89
14:24:46,709,29.6,0.09,-1.04,0.35,202.375,0.527,34.519,0.10,85
14:24:47,694,29.6,0.09,-1.07,0.25,200.808,0.556,35.751,0.10,86
14:24:48,703,29.6,-0.09,-1.10,-0.28,198.739,0.595,37.316,0.14,85
14:24:49,782,29.6,-0.03,-1.04,-0.22,196.627,0.642,39.097,0.06,77
14:24:49,788,29.6,-0.03,-1.07,-0.22,193.920,0.711,41.557,0.09,76
14:24:50,776,29.6,0.03,-1.04,-0.22,191.014,0.798,44.373,0.06,77
14:24:51,746,29.6,-0.03,-1.04,-0.19,188.107,0.898,47.311,0.06,80
14:24:52,759,29.6,-0.03,-1.07,-0.22,187.759,0.973,49.309,0.09,79
14:24:53,766,29.6,-0.03,-1.04,-0.22,184.175,1.121,52.861,0.06,78
14:24:53,783,29.6,-0.03,-1.07,-0.22,181.074,1.279,56.127,0.09,77
14:24:54,757,29.6,-0.03,-1.04,-0.16,177.796,1.469,59.501,0.05,79
14:24:55,794,29.6,-0.03,-1.07,-0.19,174.912,1.664,62.460,0.09,76
14:24:56,847,29.6,-0.03,-1.04,-0.19,171.776,1.901,65.530,0.06,71
14:24:57,909,29.6,-0.03,-1.04,-0.22,168.912,2.155,68.299,0.06,66
14:24:58,915,29.6,-0.03,-1.07,-0.16,166.138,2.428,70.828,0.08,66
14:24:59,896,29.6,-0.03,-1.04,-0.16,163.706,2.704,73.005,0.05,67
14:25:00,911,29.6,-0.03,-1.04,-0.19,161.471,3.010,75.063,0.06,66
14:25:01,907,29.6,-0.03,-1.07,-0.19,160.417,3.259,76.521,0.09,66
14:25:02,873,29.6,-0.03,-1.04,-0.19,159.501,3.520,77.875,0.06,69
14:25:02,826,29.6,-0.03,-1.04,-0.19,159.634,3.727,78.846,0.06,73
14:25:03,823,29.6,-0.03,-1.04,-0.22,160.114,3.926,79.698,0.06,73
14:25:04,830,29.6,-0.06,-1.04,-0.28,161.037,4.100,80.390,0.08,72
14:25:05,843,29.6,-0.06,-1.07,-0.28,162.247,4.262,80.997,0.11,71
14:25:05,810,29.6,-0.06,-1.04,-0.25,164.206,4.376,81.397,0.07,74
14:25:06,825,29.6,-0.03,-1.07,-0.19,166.389,4.483,81.761,0.09,73
14:25:07,825,29.6,-0.03,-1.04,-0.19,169.235,4.539,81.945,0.06,73
14:25:08,818,29.6,-0.03,-1.07,-0.19,172.491,4.567,82.038,0.09,73
14:25:09,800,29.6,-0.03,-1.04,-0.13,176.026,4.582,82.086,0.05,75
14:25:10,819,29.6,-0.03,-1.04,-0.16,179.841,4.590,82.110,0.05,73
14:25:10,851,29.6,-0.03,-1.04,-0.16,183.949,4.562,82.021,0.05,71
14:25:11,882,29.6,-0.03,-1.04,-0.16,188.390,4.520,81.884,0.05,68
14:25:12,880,29.6,-0.03,-1.07,-0.19,193.013,4.486,81.773,0.09,68
14:25:13,853,29.6,-0.06,-1.04,-0.16,197.822,4.478,81.745,0.05,70
14:25:14,863,29.6,-0.03,-1.07,-0.19,202.394,4.451,81.655,0.09,70
14:25:15,859,29.6,-0.03,-1.04,-0.16,206.087,4.327,81.229,0.05,70
14:25:16,837,29.6,-0.03,-1.04,-0.16,210.094,4.332,81.245,0.05,72
14:25:16,842,29.6,-0.03,-1.07,-0.19,214.145,4.364,81.358,0.09,71
14:25:17,831,29.6,0.13,-1.10,-0.16,217.532,4.401,81.483,0.12,72
14:25:18,807,29.6,0.06,-1.04,-0.16,220.440,4.461,81.688,0.05,74
14:25:19,791,29.6,0.03,-1.07,-0.19,222.718,4.546,81.969,0.09,76
14:25:20,799,29.6,0.03,-1.04,-0.22,228.519,4.633,82.249,0.06,75
14:25:20,804,29.6,0.06,-1.04,-0.22,230.410,4.734,82.560,0.06,75
14:25:21,815,29.6,0.06,-1.07,-0.22,232.008,4.846,82.895,0.10,74
14:25:22,804,29.6,0.03,-1.04,-0.19,233.345,4.973,83.257,0.06,75
14:25:23,820,29.6,-0.03,-1.04,-0.22,234.274,5.117,83.653,0.06,73
14:25:24,828,29.6,-0.03,-1.04,-0.22,234.405,5.265,84.038,0.06,72
14:25:24,832,29.6,0.03,-1.04,-0.22,235.277,5.401,84.378,0.06,72
14:25:25,818,29.6,0.00,-1.07,-0.19,235.110,5.537,84.703,0.09,73
14:25:26,797,29.6,-0.03,-1.07,-0.19,234.342,5.670,85.007,0.09,75
14:25:27,799,29.6,-0.03,-1.04,-0.22,232.918,5.800,85.294,0.06,75
14:25:28,788,29.6,-0.03,-1.04,-0.19,231.167,5.911,85.530,0.06,76
14:25:28,768,29.6,0.06,-1.04,-0.19,229.181,6.000,85.714,0.06,78
14:25:29,767,29.6,-0.06,-1.04,-0.13,226.820,6.069,85.853,0.05,78
14:25:30,763,29.6,0.03,-1.04,-0.13,224.161,6.108,85.930,0.05,79
14:25:31,765,29.6,0.03,-1.04,-0.09,220.863,6.138,85.990,0.04,78
14:25:31,738,29.6,0.03,-1.04,-0.03,217.719,6.118,85.951,0.04,81
14:25:32,725,29.6,0.03,-1.07,-0.03,214.088,6.078,85.871,0.07,83
14:25:33,746,29.6,0.06,-1.04,-0.03,209.805,6.044,85.803,0.04,80
14:25:34,750,29.6,0.09,-1.04,-0.09,205.187,5.961,85.633,0.05,80
14:25:34,757,29.6,0.09,-1.04,-0.06,200.894,5.878,85.460,0.05,79
14:25:35,736,29.6,0.09,-1.04,-0.06,196.600,5.767,85.223,0.05,82
14:25:36,772,29.6,0.06,-1.04,-0.06,191.818,5.666,84.999,0.04,78
14:25:37,782,29.6,0.06,-1.04,-0.09,186.908,5.540,84.709,0.05,77
14:25:37,788,29.6,0.06,-1.04,-0.09,182.350,5.426,84.437,0.05,76
14:25:38,776,29.6,0.06,-1.04,-0.09,172.552,5.315,84.164,0.05,77
14:25:39,765,29.6,0.06,-1.04,-0.06,167.948,5.174,83.803,0.04,78
14:25:40,759,29.6,0.06,-1.04,-0.09,163.380,5.050,83.472,0.05,79
14:25:40,767,29.6,0.06,-1.07,-0.09,158.602,4.926,83.126,0.08,78
14:25:41,760,29.6,0.06,-1.07,-0.06,153.764,4.808,82.783,0.07,79
14:25:42,735,29.6,0.06,-1.07,-0.06,148.117,4.683,82.404,0.07,82
14:25:43,726,29.6,0.06,-1.04,-0.06,139.777,4.512,81.856,0.04,83
14:25:43,718,29.6,0.06,-1.04,-0.06,134.419,4.400,81.481,0.04,84
14:25:44,739,29.6,0.06,-1.04,-0.06,129.415,4.302,81.138,0.04,81
14:25:45,785,29.6,0.06,-1.04,-0.06,123.885,4.211,80.810,0.04,76
14:25:46,801,29.6,0.06,-1.07,-0.06,118.606,4.130,80.508,0.07,75
14:25:47,811,29.6,0.06,-1.04,-0.06,113.217,4.061,80.243,0.04,74
14:25:48,821,29.6,0.06,-1.04,-0.09,105.600,3.943,79.769,0.05,73
14:25:48,836,29.6,0.06,-1.04,-0.06,100.631,3.914,79.652,0.04,72
14:25:49,823,29.6,0.06,-1.07,-0.06,95.456,3.908,79.625,0.07,73
14:25:50,798,29.6,0.06,-1.07,-0.06,91.016,3.920,79.677,0.07,75
14:25:51,802,29.7,0.06,-1.04,-0.09,86.722,3.957,79.826,0.05,75
14:25:52,792,29.7,0.03,-1.04,-0.06,83.040,4.010,80.038,0.04,76
14:25:52,788,29.7,0.06,-1.07,-0.06,79.715,4.078,80.306,0.07,76
14:25:53,738,29.7,0.06,-1.04,-0.06,76.752,4.156,80.606,0.04,81
14:25:54,726,29.7,-0.03,-1.04,-0.09,74.321,4.241,80.918,0.04,83
14:25:54,734,29.6,0.06,-1.04,0.31,72.230,4.326,81.226,0.09,82
14:25:55,706,29.6,0.09,-0.98,0.54,70.679,4.410,81.517,0.12,85
14:25:56,674,29.6,0.06,-0.91,0.54,69.422,4.496,81.806,0.06,89
14:25:56,648,29.6,0.06,-0.91,0.50,69.936,4.509,81.848,0.05,93
14:25:57,650,29.6,0.06,-0.91,0.50,69.350,4.596,82.130,0.05,92
14:25:57,643,29.6,0.06,-0.91,0.50,69.228,4.686,82.413,0.05,93
14:25:58,624,29.7,0.03,-0.91,0.47,70.014,4.724,82.531,0.03,96
14:25:59,627,29.7,0.03,-0.91,0.47,70.347,4.834,82.858,0.03,96
14:25:59,685,29.7,0.03,-0.91,0.50,71.038,4.937,83.157,0.04,88
14:26:00,695,29.7,0.03,-0.91,0.47,72.177,5.046,83.460,0.03,86
14:26:01,718,29.7,0.03,-0.91,0.50,73.634,5.176,83.808,0.04,84
14:26:02,779,29.7,0.03,-0.91,0.47,75.385,5.300,84.127,0.03,77
14:26:03,807,29.7,0.06,-0.91,0.50,76.409,5.494,84.601,0.05,74
14:26:03,802,29.7,0.06,-0.91,0.47,78.385,5.746,85.175,0.03,75
14:26:04,722,29.7,0.06,-0.98,0.44,80.486,6.053,85.821,0.07,83
14:26:05,704,29.7,0.03,-0.94,0.47,82.559,6.352,86.398,0.06,85
14:26:05,718,29.7,0.06,-0.91,0.47,84.702,6.684,86.985,0.03,84
14:26:06,712,29.6,0.06,-0.94,0.54,87.003,6.997,87.495,0.09,84
14:26:07,723,29.6,0.06,-0.91,0.54,89.215,7.396,88.090,0.06,83
14:26:07,691,29.6,0.06,-0.91,0.47,91.300,7.895,88.758,0.03,87
14:26:08,652,29.6,0.06,-0.91,0.50,93.572,8.288,89.233,0.05,92
14:26:09,628,29.6,0.06,-0.91,0.50,94.056,8.751,89.745,0.05,96
14:26:09,619,29.6,0.09,-0.94,0.54,96.392,9.181,90.177,0.09,97
14:26:10,619,29.6,0.09,-0.91,0.54,98.895,9.587,90.554,0.06,97
14:26:10,601,29.6,0.06,-0.91,0.50,100.128,9.951,90.869,0.05,100
14:26:11,614,29.6,0.06,-0.94,0.47,102.939,10.370,91.205,0.06,98
14:26:12,605,29.6,0.06,-0.98,0.44,106.113,10.820,91.540,0.07,99
14:26:12,595,29.6,0.06,-0.94,0.44,108.601,11.070,91.715,0.04,101
14:26:13,595,29.6,0.09,-0.98,0.44,112.271,11.436,91.959,0.08,101
14:26:13,584,29.6,0.06,-0.94,0.47,116.681,11.799,92.187,0.06,103
14:26:14,582,29.6,0.06,-0.98,0.38,120.763,11.870,92.230,0.05,103
14:26:15,593,29.6,0.06,-0.98,0.41,125.403,12.122,92.379,0.06,101
14:26:15,643,29.6,0.06,-0.98,0.47,131.163,12.326,92.496,0.09,93
14:26:16,716,29.6,0.03,-0.91,0.47,137.488,12.456,92.568,0.03,84
14:26:17,730,29.6,0.03,-0.94,0.44,145.108,12.474,92.578,0.04,82
14:26:18,725,29.6,0.06,-0.91,0.50,153.205,12.428,92.553,0.05,83
14:26:18,710,29.6,0.06,-0.91,0.50,161.721,12.104,92.369,0.05,85
14:26:19,710,29.6,0.03,-0.94,0.47,171.879,11.939,92.271,0.06,85
14:26:20,720,29.6,0.06,-0.94,0.44,181.544,11.789,92.181,0.04,83
14:26:20,716,29.6,0.06,-0.94,0.44,191.834,11.607,92.068,0.04,84
14:26:21,679,29.6,0.06,-0.94,0.50,202.462,11.407,91.940,0.07,88
14:26:22,680,29.6,0.06,-0.91,0.47,212.453,11.238,91.829,0.03,88
14:26:23,690,29.6,0.03,-0.94,0.50,224.059,10.991,91.660,0.07,87
14:26:23,695,29.6,0.06,-0.94,0.50,234.971,10.782,91.513,0.07,86
14:26:24,719,29.6,0.13,-0.94,0.44,247.073,10.522,91.321,0.05,83
14:26:25,766,29.6,0.16,-0.91,0.47,257.654,10.191,91.064,0.04,78
14:26:26,804,29.6,0.13,-0.94,0.50,270.686,9.928,90.849,0.08,75
14:26:27,838,29.6,0.13,-0.94,0.50,283.640,9.681,90.638,0.08,72
14:26:28,858,29.6,0.13,-0.98,0.47,297.097,9.416,90.400,0.09,70
14:26:29,854,29.6,-0.16,-1.07,0.35,309.855,9.171,90.168,0.14,70
14:26:29,836,29.6,-0.19,-1.07,0.28,321.270,8.964,89.964,0.12,72
14:26:30,851,29.6,-0.09,-0.98,0.60,334.518,8.735,89.728,0.15,71
14:26:31,852,29.6,-0.03,-0.91,0.54,345.035,8.472,89.443,0.06,70
14:26:32,829,29.6,0.06,-1.07,0.57,353.980,8.247,89.186,0.21,72
14:26:33,831,29.6,-0.09,-1.07,-0.09,361.588,8.033,88.930,0.08,72
14:26:34,843,29.6,-0.13,-1.07,-0.16,367.765,7.836,88.682,0.09,71
14:26:34,850,29.6,0.06,-1.07,-0.16,372.737,7.670,88.466,0.08,71
14:26:35,829,29.6,0.13,-1.07,-0.16,375.645,7.499,88.234,0.09,72
14:26:36,818,29.6,0.13,-1.07,-0.16,377.513,7.372,88.056,0.09,73
14:26:37,803,29.6,0.19,-1.07,-0.19,377.817,7.263,87.898,0.10,75
14:26:37,800,29.6,0.13,-1.04,-0.19,375.353,7.092,87.641,0.06,75
14:26:38,794,29.6,0.13,-1.04,-0.16,372.230,7.016,87.524,0.06,76
14:26:39,774,29.6,0.13,-1.04,-0.13,366.664,6.958,87.434,0.05,78
14:26:40,738,29.6,0.13,-1.07,-0.09,360.725,6.907,87.353,0.08,81
14:26:40,732,29.6,0.16,-1.07,-0.16,354.845,6.854,87.268,0.09,82
14:26:41,738,29.6,0.09,-1.04,-0.13,347.102,6.816,87.206,0.05,81
14:26:42,812,29.6,0.09,-1.04,-0.16,338.692,6.783,87.151,0.06,74
14:26:43,833,29.6,0.06,-1.04,-0.16,328.769,6.773,87.134,0.05,72
14:26:44,807,29.6,0.06,-1.04,-0.06,317.985,6.770,87.130,0.04,74
14:26:45,829,29.6,0.06,-1.07,-0.09,305.722,6.765,87.122,0.08,72
14:26:46,866,29.6,0.06,-1.04,-0.13,294.156,6.756,87.106,0.05,69
14:26:47,898,29.6,0.06,-1.04,-0.13,282.335,6.765,87.121,0.05,67
14:26:47,906,29.6,0.06,-1.04,-0.16,269.314,6.819,87.211,0.05,66
14:26:48,862,29.6,0.06,-1.07,-0.09,256.305,6.901,87.343,0.08,70
14:26:49,839,29.6,-0.03,-1.04,-0.13,244.708,6.978,87.466,0.05,72
14:26:50,831,29.6,0.06,-1.07,-0.13,233.176,7.100,87.654,0.08,72
14:26:51,834,29.6,0.06,-1.04,-0.16,223.026,7.223,87.838,0.05,72
14:26:52,833,29.6,0.06,-1.04,-0.16,213.789,7.371,88.053,0.05,72
14:26:52,776,29.6,0.06,-1.04,-0.13,204.988,7.567,88.327,0.05,77
14:26:53,756,29.6,0.09,-1.04,-0.13,198.051,7.735,88.552,0.05,79
14:26:54,759,29.6,0.06,-1.07,-0.13,191.731,7.941,88.815,0.08,79
14:26:55,814,29.6,0.06,-1.04,-0.13,181.191,8.178,89.104,0.05,74
14:26:56,848,29.6,0.06,-1.04,-0.13,177.900,8.379,89.338,0.05,71
14:26:56,835,29.6,0.06,-1.07,-0.09,175.783,8.567,89.547,0.08,72
14:26:57,834,29.6,0.06,-1.04,-0.13,174.597,8.729,89.721,0.05,72
14:26:58,867,29.6,0.06,-1.04,-0.13,174.387,8.854,89.852,0.05,69
14:26:59,863,29.6,0.06,-1.04,-0.13,175.246,8.923,89.923,0.05,70
14:27:00,862,29.6,0.09,-1.04,-0.13,175.610,8.928,89.927,0.05,70
14:27:01,857,29.6,0.09,-1.07,-0.13,178.678,8.893,89.892,0.08,70
14:27:01,798,29.6,0.09,-1.04,-0.13,182.914,8.804,89.800,0.05,75
14:27:02,761,29.6,0.09,-1.04,-0.09,189.305,8.516,89.491,0.05,79
14:27:03,752,29.6,0.06,-1.04,-0.13,196.078,8.284,89.229,0.05,80
14:27:04,785,29.6,0.06,-1.04,-0.13,203.275,8.036,88.933,0.05,76
14:27:05,825,29.6,0.06,-1.04,-0.16,211.425,7.752,88.575,0.05,73
14:27:05,845,29.6,0.06,-1.04,-0.16,220.436,7.445,88.158,0.05,71
14:27:06,808,29.6,0.06,-1.04,-0.13,229.951,7.138,87.712,0.05,74
14:27:07,813,29.6,0.09,-1.04,-0.19,239.754,6.831,87.230,0.06,74
14:27:08,814,29.6,0.06,-1.04,-0.16,249.486,6.551,86.757,0.05,74
14:27:09,834,29.6,0.06,-1.04,-0.16,259.010,6.297,86.296,0.05,72
14:27:09,801,29.6,0.06,-1.04,-0.16,273.619,5.916,85.541,0.05,75
14:27:10,767,29.6,0.09,-1.07,-0.13,282.670,5.719,85.117,0.08,78
14:27:11,761,29.6,0.13,-1.07,-0.13,291.197,5.528,84.682,0.09,79
14:27:12,772,29.6,0.09,-1.07,-0.16,304.596,5.224,83.934,0.09,78
14:27:12,801,29.6,0.09,-1.07,-0.19,312.607,5.067,83.517,0.09,75
14:27:13,750,29.6,0.06,-1.04,-0.13,320.340,4.910,83.080,0.05,80
14:27:14,801,29.6,0.06,-1.07,-0.16,331.653,4.666,82.351,0.08,75
14:27:15,830,29.6,0.06,-1.07,-0.16,338.493,4.520,81.883,0.08,72
14:27:16,811,29.6,0.06,-1.04,-0.22,345.298,4.368,81.372,0.06,74
14:27:16,730,29.6,0.06,-1.07,-0.16,352.002,4.219,80.841,0.08,82
14:27:17,750,29.6,0.06,-1.04,-0.16,357.979,4.085,80.336,0.05,80
14:27:18,776,29.6,0.06,-1.04,-0.19,363.482,3.959,79.833,0.06,77
14:27:19,807,29.6,0.06,-1.04,-0.19,370.303,3.772,79.043,0.06,74
14:27:19,797,29.6,0.06,-1.04,-0.16,374.169,3.649,78.490,0.05,75
14:27:20,750,29.6,0.06,-1.04,-0.13,377.474,3.530,77.927,0.05,80
14:27:21,773,29.6,0.09,-1.04,-0.16,380.516,3.430,77.427,0.06,78
14:27:22,777,29.6,0.09,-1.04,-0.19,383.028,3.323,76.866,0.06,77
14:27:23,800,29.6,0.06,-1.04,-0.19,385.273,3.216,76.279,0.06,75
14:27:23,756,29.6,0.06,-1.04,-0.16,387.447,3.109,75.664,0.05,79
14:27:24,736,29.6,0.06,-1.04,-0.13,389.096,3.000,74.999,0.05,82
14:27:25,735,29.6,0.06,-1.07,-0.16,390.819,2.901,74.368,0.08,82
14:27:25,738,29.6,0.06,-1.04,-0.16,392.011,2.785,73.581,0.05,81
14:27:26,784,29.6,0.06,-1.04,-0.19,393.281,2.672,72.764,0.06,77
14:27:27,775,29.6,0.06,-1.04,-0.16,394.831,2.555,71.870,0.05,77
14:27:28,747,29.6,0.06,-1.07,-0.13,396.480,2.439,70.918,0.08,80
14:27:29,757,29.6,0.06,-1.04,-0.16,398.227,2.325,69.921,0.05,79
14:27:29,764,29.6,0.06,-1.04,-0.16,400.268,2.209,68.836,0.05,79
14:27:30,801,29.6,0.06,-1.04,-0.16,402.707,2.093,67.673,0.05,75
14:27:31,754,29.6,0.06,-1.04,-0.13,405.840,1.972,66.353,0.05,80
14:27:32,764,29.6,0.06,-1.07,-0.13,409.088,1.861,65.041,0.08,79
14:27:33,777,29.6,0.06,-1.04,-0.16,414.751,1.786,64.110,0.05,77
14:27:33,812,29.6,0.06,-1.04,-0.16,418.650,1.677,62.644,0.05,74
14:27:34,818,29.6,0.06,-1.04,-0.16,423.201,1.560,60.935,0.05,73
14:27:35,774,29.6,0.06,-1.04,-0.06,428.072,1.449,59.162,0.04,78
14:27:36,753,29.6,0.06,-1.04,-0.06,432.692,1.351,57.467,0.04,80
14:27:36,752,29.6,0.06,-1.04,-0.09,437.321,1.252,55.600,0.05,80
14:27:37,757,29.6,0.06,-1.04,-0.09,441.850,1.165,53.815,0.05,79
14:27:38,769,29.6,0.06,-1.07,0.09,446.354,1.077,51.860,0.08,78
14:27:39,780,29.7,0.06,-1.04,0.13,450.752,0.997,49.930,0.05,77
14:27:39,774,29.7,0.06,-1.04,0.13,455.041,0.926,48.085,0.05,78
14:27:40,732,29.7,0.06,-1.04,0.09,458.984,0.856,46.113,0.05,82
14:27:41,707,29.7,0.06,-1.07,0.09,462.323,0.794,44.245,0.08,85
14:27:41,719,29.7,0.06,-1.04,0.06,464.992,0.733,42.310,0.04,83
14:27:42,732,29.7,0.06,-1.04,-0.03,467.328,0.677,40.362,0.04,82
14:27:43,772,29.7,0.06,-1.04,-0.03,469.457,0.627,38.541,0.04,78
14:27:44,772,29.7,0.06,-1.04,-0.06,471.264,0.581,36.761,0.04,78
14:27:45,757,29.7,0.06,-1.04,-0.03,472.212,0.539,35.035,0.04,79
14:27:45,763,29.7,0.03,-1.04,-0.06,472.081,0.502,33.427,0.04,79
14:27:46,772,29.7,0.03,-1.04,-0.06,475.847,0.488,32.779,0.04,78
14:27:47,803,29.7,0.06,-1.04,-0.06,474.625,0.458,31.398,0.04,75
14:27:48,797,29.7,0.06,-1.07,-0.06,472.783,0.432,30.181,0.07,75
14:27:49,791,29.7,0.06,-1.04,0.06,470.893,0.414,29.283,0.04,76
14:27:49,767,29.7,0.06,-1.04,-0.03,467.744,0.400,28.556,0.04,78
14:27:50,767,29.7,0.06,-1.04,-0.06,464.359,0.391,28.094,0.04,78
14:27:51,791,29.7,0.06,-1.04,-0.06,460.430,0.386,27.832,0.04,76
14:27:52,795,29.7,0.06,-1.04,-0.09,455.353,0.385,27.784,0.05,75
14:27:52,754,29.7,0.06,-1.07,-0.03,450.875,0.388,27.977,0.07,80
14:27:53,721,29.7,0.06,-1.04,-0.09,445.647,0.394,28.258,0.05,83
14:27:54,699,29.7,0.09,-1.07,-0.06,439.961,0.401,28.614,0.08,86
14:27:54,696,29.7,0.06,-1.04,-0.06,434.300,0.411,29.107,0.04,86
14:27:55,754,29.7,0.06,-1.04,-0.09,432.175,0.406,28.886,0.05,80
14:27:56,795,29.7,0.06,-1.07,-0.09,424.702,0.420,29.591,0.08,75
14:27:57,774,29.7,0.06,-1.04,-0.06,418.592,0.438,30.462,0.04,78
14:27:58,830,29.7,0.06,-1.04,-0.09,411.871,0.459,31.482,0.05,72
14:27:59,883,29.7,0.06,-1.04,-0.06,404.636,0.483,32.586,0.04,68
14:28:00,927,29.7,0.06,-1.04,-0.06,398.080,0.509,33.722,0.04,65
14:28:01,885,29.7,0.06,-1.04,-0.06,391.256,0.535,34.844,0.04,68
14:28:02,879,29.7,0.06,-1.07,-0.09,385.498,0.560,35.912,0.08,68
14:28:02,892,29.7,0.06,-1.04,-0.09,380.746,0.588,37.012,0.05,67
14:28:03,876,29.7,0.06,-1.04,-0.09,376.468,0.647,39.301,0.05,68
14:28:04,837,29.7,0.06,-1.04,-0.09,372.815,0.692,40.891,0.05,72
14:28:05,792,29.7,0.06,-1.04,-0.09,370.328,0.744,42.670,0.05,76
14:28:05,786,29.7,0.06,-1.04,-0.09,368.430,0.803,44.529,0.05,76
14:28:06,781,29.7,0.06,-1.04,-0.09,367.754,0.866,46.416,0.05,77
14:28:07,798,29.7,0.06,-1.04,-0.09,366.475,0.943,48.544,0.05,75
14:28:08,788,29.7,0.09,-1.07,-0.09,365.448,1.035,50.862,0.08,76
14:28:09,770,29.7,0.06,-1.07,-0.06,364.842,1.138,53.217,0.07,78
14:28:09,775,29.7,0.06,-1.04,-0.09,364.540,1.251,55.569,0.05,77
14:28:10,784,29.7,0.06,-1.04,-0.13,364.430,1.379,57.960,0.05,77
14:28:11,805,29.7,0.06,-1.04,-0.09,364.359,1.525,60.404,0.05,75
14:28:12,795,29.7,0.06,-1.04,-0.09,364.212,1.696,62.912,0.05,75
14:28:13,779,29.7,0.06,-1.04,-0.09,364.249,1.874,65.211,0.05,77
14:28:13,810,29.7,0.06,-1.07,-0.09,363.713,2.084,67.575,0.08,74
14:28:14,833,29.7,0.06,-1.07,-0.09,362.989,2.320,69.877,0.08,72
14:28:15,849,29.7,0.06,-1.04,-0.13,362.317,2.568,71.973,0.05,71
14:28:16,838,29.7,0.06,-1.07,-0.06,361.594,2.826,73.864,0.07,72
14:28:17,834,29.7,0.06,-1.07,-0.09,360.410,3.106,75.646,0.08,72
14:28:18,831,29.7,0.06,-1.07,-0.09,358.696,3.408,77.315,0.08,72
14:28:18,812,29.7,0.06,-1.04,-0.13,356.886,3.714,78.785,0.05,74
14:28:19,776,29.7,0.06,-1.04,-0.13,354.624,4.024,80.096,0.05,77
14:28:20,754,29.7,0.06,-1.07,-0.09,351.532,4.341,81.277,0.08,80
14:28:21,741,29.7,0.06,-1.04,-0.13,348.852,4.632,82.245,0.05,81
14:28:21,796,29.7,0.06,-1.04,-0.13,345.008,4.943,83.174,0.05,75
14:28:22,821,29.7,0.06,-1.07,-0.13,340.789,5.268,84.046,0.08,73
14:28:23,790,29.7,0.06,-1.07,-0.13,336.011,5.592,84.831,0.08,76
14:28:24,808,29.7,0.06,-1.07,-0.09,331.629,5.885,85.475,0.08,74
14:28:25,862,29.7,0.06,-1.04,-0.09,326.107,6.185,86.081,0.05,70
14:28:26,891,29.7,0.06,-1.04,-0.13,320.389,6.476,86.625,0.05,67
14:28:27,845,29.7,0.06,-1.07,-0.13,313.799,6.771,87.131,0.08,71
14:28:27,814,29.7,0.06,-1.04,-0.13,304.793,7.171,87.762,0.05,74
14:28:28,807,29.7,0.06,-1.04,-0.13,297.497,7.396,88.090,0.05,74
14:28:29,809,29.7,0.09,-1.04,-0.16,290.902,7.589,88.357,0.06,74
14:28:30,789,29.7,0.06,-1.04,-0.13,283.634,7.768,88.595,0.05,76
14:28:30,769,29.7,0.06,-1.07,-0.13,275.747,7.912,88.779,0.08,78
14:28:31,752,29.7,0.09,-1.04,-0.13,268.687,8.023,88.917,0.05,80
14:28:32,739,29.7,0.06,-1.04,-0.16,261.399,8.105,89.018,0.05,81
14:28:32,719,29.7,0.06,-1.04,-0.16,254.663,8.155,89.077,0.05,83
14:28:33,721,29.7,0.06,-1.07,-0.16,247.880,8.166,89.090,0.08,83
14:28:34,663,29.7,0.06,-1.04,-0.16,244.785,8.169,89.094,0.05,90
14:28:34,639,29.7,0.06,-1.04,-0.16,239.024,8.126,89.043,0.05,94
14:28:35,672,29.7,0.06,-1.04,-0.13,233.797,8.046,88.946,0.05,89
14:28:36,710,29.7,0.06,-1.04,-0.16,229.128,7.923,88.792,0.05,85
14:28:37,781,29.7,0.06,-1.04,-0.16,224.500,7.748,88.568,0.05,77
14:28:38,827,29.7,0.06,-1.04,-0.16,220.763,7.529,88.276,0.05,73
14:28:39,815,29.7,0.06,-1.04,-0.13,217.938,7.278,87.920,0.05,74
14:28:39,788,29.7,0.06,-1.04,-0.13,215.801,6.996,87.493,0.05,76
14:28:40,794,29.7,0.06,-1.04,-0.13,215.022,6.735,87.072,0.05,76
14:28:41,796,29.7,0.06,-1.04,-0.16,215.263,6.470,86.614,0.05,75
14:28:42,791,29.7,0.09,-1.04,-0.13,216.597,6.202,86.116,0.05,76
14:28:42,773,29.7,0.06,-1.04,-0.16,218.834,5.949,85.610,0.05,78
14:28:43,768,29.7,0.06,-1.04,-0.13,220.241,5.519,84.661,0.05,78
14:28:44,786,29.7,0.09,-1.04,-0.16,224.751,5.302,84.131,0.06,76
14:28:45,826,29.7,0.06,-1.04,-0.16,230.493,5.110,83.634,0.05,73
14:28:46,839,29.7,0.06,-1.04,-0.13,238.424,4.940,83.165,0.05,72
14:28:47,830,29.7,0.06,-1.04,-0.13,247.074,4.803,82.767,0.05,72
14:28:47,821,29.7,0.06,-1.04,-0.13,256.728,4.694,82.437,0.05,73
14:28:48,827,29.7,0.06,-1.04,-0.13,268.458,4.603,82.152,0.05,73
14:28:49,836,29.7,0.06,-1.04,-0.13,279.719,4.540,81.950,0.05,72
14:28:50,822,29.7,0.06,-1.04,-0.09,293.204,4.484,81.765,0.05,73
14:28:51,797,29.7,0.06,-1.04,-0.13,306.212,4.450,81.653,0.05,75
14:28:51,802,29.7,0.06,-1.04,-0.13,319.709,4.429,81.580,0.05,75
14:28:52,811,29.7,0.09,-1.04,-0.13,334.965,4.397,81.470,0.05,74
14:28:53,806,29.7,0.09,-1.04,-0.13,350.346,4.362,81.352,0.05,74
14:28:54,777,29.7,0.06,-1.04,-0.09,365.691,4.328,81.233,0.05,77
14:28:55,764,29.7,0.06,-1.07,-0.09,378.801,4.317,81.192,0.08,79
14:28:55,789,29.7,0.06,-1.04,-0.13,394.245,4.294,81.112,0.05,76
14:28:56,821,29.7,0.09,-1.07,-0.16,405.440,4.311,81.171,0.09,73
14:28:57,826,29.7,0.06,-1.04,-0.09,419.940,4.287,81.087,0.05,73
14:28:58,791,29.7,0.06,-1.04,-0.09,419.796,4.463,81.694,0.05,76
14:28:59,802,29.7,0.06,-1.07,-0.16,427.497,4.476,81.740,0.08,75
14:28:59,807,29.7,0.06,-1.04,-0.13,433.348,4.485,81.770,0.05,74
14:29:00,801,29.7,0.06,-1.07,-0.13,452.468,4.311,81.173,0.08,75
14:29:01,767,29.7,0.09,-1.04,-0.09,455.673,4.311,81.170,0.05,78
14:29:02,741,29.7,0.09,-1.04,-0.09,456.723,4.299,81.130,0.05,81
14:29:02,728,29.7,0.06,-1.04,-0.13,455.894,4.278,81.052,0.05,82
14:29:03,734,29.7,0.06,-1.04,-0.16,452.366,4.273,81.037,0.05,82
14:29:04,766,29.7,0.06,-1.04,-0.13,450.310,4.219,80.839,0.05,78
14:29:05,738,29.7,0.06,-1.04,-0.13,465.660,4.025,80.099,0.05,81
14:29:05,747,29.7,0.09,-1.07,-0.09,460.281,3.985,79.940,0.08,80
14:29:06,764,29.7,0.06,-1.07,-0.16,454.700,3.915,79.655,0.08,79
14:29:07,818,29.7,0.09,-1.04,-0.13,446.671,3.860,79.425,0.05,73
14:29:08,819,29.7,0.06,-1.04,-0.13,439.600,3.757,78.977,0.05,73
14:29:09,774,29.7,0.06,-1.07,-0.09,430.659,3.671,78.593,0.08,78
14:29:09,778,29.7,0.06,-1.04,-0.13,420.102,3.575,78.140,0.05,77
14:29:10,773,29.7,0.06,-1.04,-0.13,408.303,3.471,77.634,0.05,78
14:29:11,760,29.7,0.06,-1.04,-0.13,395.037,3.361,77.068,0.05,79
14:29:11,714,29.7,0.09,-1.04,-0.13,380.713,3.267,76.566,0.05,84
14:29:12,725,29.7,0.06,-1.04,-0.13,366.352,3.151,75.911,0.05,83
14:29:13,729,29.7,0.09,-1.04,-0.09,350.566,3.052,75.322,0.05,82
14:29:14,757,29.7,0.09,-1.07,-0.13,334.141,2.951,74.691,0.08,79
14:29:14,740,29.7,0.06,-1.07,-0.13,317.622,2.847,74.007,0.08,81
14:29:15,727,29.7,0.06,-1.07,-0.09,301.662,2.744,73.292,0.08,83
14:29:16,734,29.7,0.09,-1.04,-0.13,286.373,2.643,72.551,0.05,82
14:29:17,750,29.7,0.06,-1.04,-0.13,272.031,2.543,71.779,0.05,80
14:29:17,778,29.7,0.06,-1.07,-0.09,259.117,2.447,70.992,0.08,77
14:29:18,753,29.8,0.06,-1.04,-0.13,264.369,2.356,70.203,0.05,80
14:29:19,748,29.8,0.06,-1.07,-0.09,253.202,2.271,69.424,0.08,80
14:29:20,768,29.8,0.09,-1.04,-0.09,243.403,2.199,68.737,0.05,78
14:29:21,800,29.8,0.06,-1.04,-0.13,234.911,2.139,68.143,0.05,75
14:29:21,782,29.8,0.06,-1.04,-0.13,226.834,2.087,67.603,0.05,77
14:29:22,742,29.8,0.06,-1.04,-0.09,219.563,2.049,67.201,0.05,81
14:29:23,746,29.8,0.06,-1.04,-0.13,213.458,2.034,67.038,0.05,80
14:29:24,759,29.8,0.06,-1.04,-0.13,208.582,2.026,66.958,0.05,79
14:29:24,785,29.8,0.06,-1.04,-0.13,204.263,2.032,67.015,0.05,76
14:29:25,810,29.8,0.06,-1.07,-0.13,201.095,2.048,67.189,0.08,74
14:29:26,781,29.8,0.03,-1.04,-0.09,199.426,2.075,67.484,0.04,77
14:29:27,777,29.8,0.06,-1.04,-0.13,198.906,2.107,67.815,0.05,77
14:29:28,801,29.8,0.06,-1.04,-0.13,199.147,2.141,68.164,0.05,75
14:29:28,814,29.8,0.06,-1.04,-0.13,200.095,2.176,68.513,0.05,74
14:29:29,803,29.8,0.09,-1.04,-0.13,201.617,2.208,68.833,0.05,75
14:29:30,782,29.8,0.09,-1.04,-0.09,203.494,2.236,69.096,0.05,77
14:29:31,789,29.8,0.06,-1.07,-0.09,205.580,2.256,69.290,0.08,76
14:29:32,801,29.8,0.06,-1.04,-0.13,207.985,2.265,69.375,0.05,75
14:29:32,787,29.8,0.06,-1.04,-0.13,210.541,2.265,69.374,0.05,76
14:29:33,768,29.8,0.06,-1.04,-0.09,213.012,2.261,69.336,0.05,78
14:29:34,761,29.8,0.06,-1.04,-0.09,215.559,2.242,69.157,0.05,79
14:29:35,781,29.8,0.06,-1.04,-0.13,218.181,2.208,68.831,0.05,77
14:29:36,810,29.8,0.09,-1.04,-0.13,220.806,2.172,68.479,0.05,74
14:29:36,816,29.8,0.06,-1.04,-0.09,223.513,2.128,68.035,0.05,74
14:29:37,794,29.8,0.06,-1.04,-0.09,225.449,2.094,67.677,0.05,76
14:29:38,794,29.8,0.09,-1.04,-0.13,227.911,2.036,67.059,0.05,76
14:29:39,816,29.8,0.06,-1.04,-0.13,230.285,1.974,66.371,0.05,74
14:29:40,836,29.8,0.06,-1.04,-0.13,232.604,1.906,65.587,0.05,72
14:29:40,808,29.8,0.09,-1.04,-0.09,234.850,1.834,64.713,0.05,74
14:29:41,802,29.8,0.09,-1.04,-0.09,236.817,1.760,63.770,0.05,75
14:29:42,806,29.8,0.09,-1.04,-0.13,238.442,1.680,62.680,0.05,74
14:29:43,818,29.8,0.06,-1.04,-0.13,240.015,1.606,61.629,0.05,73
14:29:44,811,29.8,0.06,-1.04,-0.13,241.357,1.530,60.476,0.05,74
14:29:44,774,29.8,0.09,-1.04,-0.09,242.281,1.448,59.153,0.05,78
14:29:45,764,29.8,0.09,-1.04,-0.09,242.696,1.363,57.682,0.05,79
14:29:46,766,29.8,0.06,-1.04,-0.13,243.088,1.285,56.229,0.05,78
14:29:47,768,29.8,0.06,-1.04,-0.13,243.227,1.208,54.715,0.05,78
14:29:47,762,29.8,0.09,-1.04,-0.13,242.633,1.129,53.027,0.05,79
14:29:48,746,29.8,0.06,-1.07,-0.13,241.983,1.056,51.362,0.08,80
14:29:49,758,29.8,0.06,-1.04,-0.13,241.581,1.024,50.604,0.05,79
14:29:50,772,29.8,0.06,-1.04,-0.13,240.371,0.961,49.017,0.05,78
14:29:50,773,29.8,0.06,-1.04,-0.13,238.551,0.903,47.446,0.05,78
14:29:51,743,29.8,0.06,-1.04,-0.13,236.858,0.852,46.002,0.05,81
14:29:52,740,29.8,0.06,-1.04,-0.22,234.171,0.805,44.587,0.06,81
14:29:53,738,29.8,0.03,-1.01,-0.38,231.764,0.766,43.379,0.08,81
14:29:53,769,29.8,0.06,-1.01,-0.38,228.778,0.733,42.304,0.08,78
14:29:54,747,29.8,0.06,-1.01,-0.31,225.791,0.706,41.384,0.06,80
14:29:55,710,29.8,0.06,-1.04,-0.25,222.889,0.686,40.690,0.07,85
14:29:56,734,29.8,0.06,-1.04,-0.19,219.395,0.674,40.256,0.06,82
14:29:56,764,29.8,0.06,-1.04,-0.16,215.766,0.667,40.000,0.05,79
14:29:57,807,29.8,0.06,-1.04,-0.16,211.791,0.665,39.924,0.05,74
14:29:58,801,29.8,0.06,-1.04,-0.16,207.740,0.668,40.049,0.05,75
14:29:59,749,29.8,0.06,-1.04,-0.16,203.526,0.679,40.433,0.05,80
14:29:59,748,29.8,0.06,-1.04,-0.16,199.735,0.695,40.997,0.05,80
14:30:00,755,29.8,0.06,-1.04,-0.19,195.670,0.718,41.799,0.06,79
14:30:01,772,29.8,0.06,-1.04,-0.19,191.926,0.747,42.774,0.06,78
14:30:02,771,29.8,0.06,-1.04,-0.19,187.951,0.785,43.964,0.06,78
14:30:02,747,29.8,0.06,-1.04,-0.16,184.657,0.824,45.174,0.05,80
14:30:03,753,29.8,0.09,-1.04,-0.13,181.304,0.867,46.430,0.05,80
14:30:04,744,29.8,0.09,-1.04,-0.06,178.490,0.911,47.659,0.05,81
14:30:05,748,29.8,0.09,-1.04,-0.09,175.958,0.955,48.853,0.05,80
14:30:05,748,29.8,0.06,-1.04,-0.09,173.776,1.001,50.020,0.05,80
14:30:06,725,29.8,0.09,-1.07,-0.09,172.070,1.049,51.197,0.08,83
14:30:07,747,29.8,0.06,-1.04,-0.16,170.831,1.096,52.297,0.05,80
14:30:08,764,29.8,0.06,-1.04,-0.16,170.302,1.135,53.164,0.05,79
14:30:09,826,29.8,0.06,-1.04,-0.13,170.508,1.167,53.844,0.05,73
14:30:10,844,29.8,0.09,-1.04,-0.09,171.656,1.183,54.196,0.05,71
14:30:10,822,29.8,0.06,-1.04,-0.09,173.811,1.184,54.223,0.05,73
14:30:11,843,29.8,0.09,-1.04,-0.09,176.823,1.173,53.980,0.05,71
14:30:12,862,29.8,0.09,-1.04,-0.09,181.114,1.149,53.471,0.05,70
14:30:13,871,29.8,0.09,-1.04,-0.09,186.062,1.120,52.835,0.05,69
14:30:14,843,29.8,0.09,-1.04,-0.09,191.866,1.088,52.098,0.05,71
14:30:15,829,29.8,0.09,-1.04,-0.09,198.141,1.057,51.385,0.05,72
14:30:15,824,29.8,0.09,-1.04,-0.13,204.814,1.029,50.711,0.05,73
14:30:16,816,29.8,0.09,-1.04,-0.09,211.890,1.002,50.062,0.05,74
14:30:17,802,29.8,0.09,-1.04,-0.09,219.681,0.976,49.392,0.05,75
14:30:18,785,29.8,0.09,-1.04,-0.09,226.909,0.957,48.899,0.05,76
14:30:19,774,29.8,0.09,-1.07,-0.09,234.574,0.940,48.443,0.08,78
14:30:19,772,29.8,0.09,-1.04,-0.09,241.781,0.927,48.119,0.05,78
14:30:20,769,29.8,0.09,-1.04,-0.13,249.000,0.921,47.932,0.05,78
14:30:21,760,29.8,0.06,-1.07,-0.19,255.519,0.923,47.995,0.09,79
14:30:22,744,29.8,0.09,-1.04,-0.19,262.165,0.935,48.317,0.06,81
14:30:22,760,29.8,0.06,-1.04,-0.22,267.955,0.956,48.887,0.06,79
14:30:23,793,29.8,0.06,-1.04,-0.19,273.270,0.990,49.753,0.06,76
14:30:24,795,29.8,0.06,-1.07,-0.19,278.089,1.038,50.935,0.09,75
14:30:25,770,29.8,0.06,-1.07,-0.16,282.132,1.098,52.329,0.08,78
14:30:26,800,29.8,0.06,-1.04,-0.19,285.192,1.174,53.993,0.06,75
14:30:27,850,29.8,0.06,-1.04,-0.22,287.269,1.270,55.942,0.06,71
14:30:27,863,29.8,0.06,-1.04,-0.19,288.574,1.379,57.957,0.06,70
14:30:28,829,29.8,0.06,-1.04,-0.19,288.357,1.516,60.247,0.06,72
14:30:29,803,29.8,0.06,-1.04,-0.19,287.143,1.662,62.437,0.06,75
14:30:30,798,29.8,0.06,-1.04,-0.19,284.841,1.823,64.581,0.06,75
14:30:30,781,29.8,0.06,-1.04,-0.19,281.393,2.003,66.701,0.06,77
14:30:31,772,29.8,0.06,-1.04,-0.16,276.722,2.201,68.763,0.05,78
14:30:32,758,29.8,0.06,-1.07,-0.13,271.233,2.413,70.702,0.08,79
14:30:33,752,29.8,0.06,-1.04,-0.16,265.138,2.635,72.493,0.05,80
14:30:33,763,29.8,0.06,-1.07,-0.16,258.495,2.870,74.160,0.08,79
14:30:34,786,29.8,0.06,-1.04,-0.16,251.840,3.111,75.675,0.05,76
14:30:35,812,29.8,0.06,-1.04,-0.16,243.821,3.394,77.243,0.05,74
14:30:36,805,29.8,0.06,-1.04,-0.13,235.593,3.698,78.714,0.05,75
14:30:37,805,29.8,0.06,-1.04,-0.16,227.574,4.004,80.016,0.05,75
14:30:38,807,29.8,0.06,-1.04,-0.16,219.621,4.318,81.195,0.05,74
14:30:38,834,29.8,0.06,-1.04,-0.16,211.583,4.647,82.291,0.05,72
14:30:39,816,29.8,0.06,-1.04,-0.13,203.733,4.985,83.292,0.05,74
14:30:40,790,29.8,0.09,-1.04,-0.13,196.637,5.301,84.128,0.05,76
14:30:41,792,29.8,0.06,-1.04,-0.16,190.085,5.599,84.847,0.05,76
14:30:42,799,29.8,0.06,-1.04,-0.16,184.143,5.876,85.457,0.05,75
14:30:42,803,29.8,0.06,-1.04,-0.16,178.819,6.124,85.963,0.05,75
14:30:43,786,29.8,0.06,-1.04,-0.13,174.324,6.325,86.349,0.05,76
14:30:44,783,29.8,0.06,-1.04,-0.13,170.782,6.473,86.618,0.05,77
14:30:45,802,29.8,0.06,-1.04,-0.16,167.943,6.573,86.796,0.05,75
14:30:45,804,29.8,0.06,-1.04,-0.13,165.744,6.626,86.887,0.05,75
14:30:46,789,29.8,0.06,-1.04,-0.16,163.769,6.633,86.900,0.05,76
14:30:47,751,29.8,0.06,-1.04,-0.13,162.610,6.603,86.847,0.05,80
14:30:48,730,29.8,0.06,-1.04,-0.09,161.821,6.541,86.740,0.05,82
14:30:48,742,29.8,0.06,-1.04,-0.13,161.264,6.445,86.568,0.05,81
14:30:49,766,29.8,0.06,-1.04,-0.13,160.952,6.316,86.332,0.05,78
14:30:50,814,29.8,0.06,-1.07,-0.16,161.184,6.175,86.062,0.08,74
14:30:51,794,29.8,0.06,-1.04,-0.16,161.111,6.022,85.760,0.05,76
14:30:52,772,29.8,0.06,-1.04,-0.16,160.998,5.863,85.428,0.05,78
14:30:52,786,29.8,0.06,-1.07,-0.19,161.111,5.705,85.085,0.09,76
14:30:53,797,29.8,0.06,-1.04,-0.19,161.107,5.537,84.702,0.06,75
14:30:54,811,29.8,0.06,-1.04,-0.19,160.780,5.371,84.303,0.06,74
14:30:55,767,29.8,0.06,-1.07,-0.16,160.519,5.216,83.913,0.08,78
14:30:56,778,29.8,0.06,-1.04,-0.16,160.324,5.058,83.493,0.05,77
14:30:56,804,29.8,0.06,-1.04,-0.13,160.023,4.896,83.040,0.05,75
14:30:57,822,29.8,0.09,-1.04,-0.09,159.652,4.730,82.549,0.05,73
14:30:58,803,29.8,0.06,-1.04,-0.09,159.397,4.567,82.037,0.05,75
14:30:59,793,29.7,0.09,-1.04,-0.09,159.080,4.400,81.482,0.05,76
14:31:00,798,29.7,0.06,-1.04,-0.09,158.886,4.152,80.592,0.05,75
14:31:00,797,29.7,0.06,-1.04,-0.13,159.179,3.990,79.961,0.05,75
14:31:01,770,29.7,0.09,-1.04,-0.09,159.755,3.826,79.279,0.05,78
14:31:02,767,29.7,0.06,-1.04,-0.09,160.472,3.653,78.507,0.05,78
14:31:03,769,29.8,0.09,-1.04,-0.09,161.699,3.488,77.720,0.05,78
14:31:03,780,29.8,0.06,-1.04,-0.09,163.314,3.325,76.877,0.05,77
14:31:04,804,29.8,0.06,-1.04,-0.13,165.355,3.159,75.956,0.05,75
14:31:05,788,29.8,0.06,-1.04,-0.09,167.879,2.980,74.873,0.05,76
14:31:06,786,29.8,0.06,-1.04,-0.09,170.841,2.806,73.724,0.05,76
14:31:07,801,29.7,0.06,-1.04,-0.13,174.235,2.642,72.545,0.05,75
14:31:08,810,29.7,0.06,-1.04,-0.13,178.112,2.479,71.256,0.05,74
14:31:08,799,29.7,0.06,-1.04,-0.09,182.554,2.310,69.787,0.05,75
14:31:09,761,29.7,0.09,-1.04,-0.13,187.383,2.147,68.223,0.05,79
14:31:10,755,29.7,0.06,-1.04,-0.09,192.115,2.011,66.786,0.05,79
14:31:10,757,29.7,0.06,-1.04,-0.13,197.044,1.882,65.298,0.05,79
14:31:11,777,29.7,0.06,-1.04,-0.16,202.080,1.760,63.773,0.05,77
14:31:12,810,29.7,0.06,-1.04,-0.22,207.126,1.647,62.228,0.06,74
14:31:13,758,29.7,0.06,-1.04,-0.13,212.132,1.540,60.627,0.05,79
14:31:14,755,29.7,0.06,-1.04,-0.09,216.007,1.486,59.783,0.05,79
14:31:14,759,29.7,0.06,-1.04,-0.09,220.312,1.397,58.286,0.05,79
14:31:15,794,29.7,0.06,-1.04,-0.13,224.025,1.324,56.972,0.05,76
14:31:16,829,29.7,0.06,-1.04,-0.13,227.492,1.254,55.630,0.05,72
14:31:17,804,29.7,0.06,-1.04,-0.06,230.526,1.195,54.435,0.04,75
14:31:18,813,29.7,0.06,-1.04,-0.09,232.899,1.145,53.381,0.05,74
14:31:19,821,29.7,0.06,-1.04,-0.09,234.869,1.099,52.361,0.05,73
14:31:19,825,29.7,0.06,-1.04,-0.09,236.231,1.065,51.570,0.05,73
14:31:20,795,29.7,0.06,-1.07,-0.03,237.212,1.032,50.780,0.07,75
14:31:21,760,29.7,0.06,-1.04,-0.06,233.349,1.012,50.288,0.04,79
14:31:22,751,29.7,0.06,-1.04,-0.09,232.491,0.988,49.690,0.05,80
14:31:22,760,29.7,0.06,-1.04,-0.09,230.891,0.969,49.211,0.05,79
14:31:23,761,29.7,0.06,-1.04,-0.06,235.170,0.939,48.417,0.04,79
14:31:24,725,29.7,0.06,-1.04,-0.06,233.324,0.926,48.076,0.04,83
14:31:24,725,29.7,0.06,-1.04,-0.06,231.393,0.912,47.697,0.04,83
14:31:25,748,29.7,0.06,-1.04,-0.06,228.814,0.907,47.554,0.04,80
14:31:26,794,29.7,0.06,-1.04,-0.09,225.811,0.909,47.611,0.05,76
14:31:27,793,29.7,0.06,-1.04,-0.06,223.046,0.912,47.708,0.04,76
14:31:28,807,29.7,0.09,-1.07,0.06,220.238,0.919,47.896,0.08,74
14:31:28,788,29.7,0.16,-1.04,0.09,217.980,0.925,48.050,0.06,76
14:31:29,725,29.7,0.13,-1.04,0.09,215.836,0.936,48.336,0.05,83
14:31:30,722,29.7,0.09,-1.07,0.06,213.798,0.954,48.825,0.08,83
14:31:30,720,29.7,0.13,-1.07,0.09,211.746,0.977,49.425,0.08,83
14:31:31,688,29.7,0.09,-1.07,0.09,210.353,1.004,50.097,0.08,87
14:31:32,697,29.7,0.09,-1.04,0.06,208.837,1.036,50.884,0.05,86
14:31:33,705,29.7,0.06,-1.04,-0.03,207.627,1.071,51.718,0.04,85
14:31:33,707,29.7,-0.03,-1.04,0.06,207.060,1.110,52.613,0.04,85
14:31:34,681,29.7,-0.03,-1.04,0.09,211.872,1.116,52.744,0.04,88
14:31:35,677,29.7,0.06,-1.04,0.22,210.852,1.158,53.665,0.06,89
14:31:35,674,29.7,-0.09,-1.13,0.25,210.642,1.203,54.614,0.17,89
14:31:36,663,29.7,-0.57,-3.84,-4.03,210.905,1.251,55.570,4.60,90
14:31:37,673,29.7,-0.28,-1.26,0.22,211.310,1.298,56.485,0.31,89
14:31:37,659,29.7,-0.50,-1.42,0.35,212.452,1.350,57.451,0.54,91
14:31:38,659,29.7,-0.16,-1.07,-0.06,216.579,1.361,57.641,0.08,91
14:31:38,630,29.7,-0.06,-1.04,-0.09,217.901,1.416,58.610,0.05,95
14:31:39,608,29.7,-0.03,-1.04,-0.06,219.104,1.469,59.500,0.04,99
14:31:40,597,29.7,-0.03,-1.07,-0.13,220.466,1.523,60.364,0.08,101
14:31:40,622,29.7,-0.03,-1.04,-0.22,221.994,1.578,61.214,0.06,96
14:31:41,646,29.7,-0.03,-1.07,-0.22,223.775,1.636,62.061,0.09,93
